brand_id,brand_name_en,brand_name_ar,brand_logo_link,brand_website,brand_size,brand_price_range,brand_instagram_link,brand_type,brand_categories,branch_rating,branch_status,branch_opening_hours,branch_amenities,branch_accessibility_facilities,branch_payment_methods,branch_phone_number,branch_city,branch_postal_code,branch_national_short_address,branch_id,branch_reviews,branch_national_short_address.1,building_number,street,district,city,postal_code,lat,lon,fsq_id
14,Starbucks,ستاربكس,https://instagram.fruh2-1.fna.fbcdn.net/v/t51.2885-19/150698627_1155961634818111_6339052925445145976_n.jpg?stp=dst-jpg_s320x320&_nc_ht=instagram.fruh2-1.fna.fbcdn.net&_nc_cat=107&_nc_ohc=ItarQ7XvtGIAX8iH1dU&edm=AOQ1c0wBAAAA&ccb=7-5&oh=00_AfDmx9i7MgQVNYc7I7z1416wt3tKqaEcWyPGjmGa5AzDtA&oe=6570FC5D&_nc_sid=8b3546,https://www.starbucks.sa,big,Mid-Range,https://www.instagram.com/starbucksksa,"""food and beverage outlets""","[""Coffee Shops and Tea Houses"", ""Dessert Shop"", ""Sandwich Spot"", ""Snack Place""]",Good,Open,,"[""Serve Sweets"", ""Delivery"", ""Offers Breakfast"", ""Dine In"", ""Group Friendly"", ""Takeout"", ""Offers Coffee""]",,"[""Supports Debit Card"", ""Supports Credit Card""]",,Riyadh,14963.0,RKNA4104,ChIJf0G10RUPLz4RFzeH681pyI4,96,RKNA4104,4104.0,ديراب الفرعي,حي نمار,الرياض,14963.0,24.56079845,46.67646161,0
14,Starbucks,ستاربكس,https://instagram.fruh2-1.fna.fbcdn.net/v/t51.2885-19/150698627_1155961634818111_6339052925445145976_n.jpg?stp=dst-jpg_s320x320&_nc_ht=instagram.fruh2-1.fna.fbcdn.net&_nc_cat=107&_nc_ohc=ItarQ7XvtGIAX8iH1dU&edm=AOQ1c0wBAAAA&ccb=7-5&oh=00_AfDmx9i7MgQVNYc7I7z1416wt3tKqaEcWyPGjmGa5AzDtA&oe=6570FC5D&_nc_sid=8b3546,https://www.starbucks.sa,big,Mid-Range,https://www.instagram.com/starbucksksa,"""food and beverage outlets""","[""Coffee Shops and Tea Houses"", ""Dessert Shop"", ""Sandwich Spot"", ""Snack Place""]",Good,Open,,"[""Serve Sweets"", ""Delivery"", ""Offers Breakfast"", ""Dine In"", ""Group Friendly"", ""Takeout"", ""Offers Coffee""]","[""Wheelchair-Friendly Parking"", ""Wheelchair-Friendly Seating"", ""Wheelchair-Friendly Entrance""]","[""Supports Credit Card""]",,Riyadh,14712.0,RLFA2589,ChIJfX_ov8kPLz4RVdbWSK1-D8c,71,RLFA2589,2589.0,ديراب الفرعي,حي الشفا,الرياض,14712.0,24.57837781,46.70176382,0
14,Starbucks,ستاربكس,https://instagram.fruh2-1.fna.fbcdn.net/v/t51.2885-19/150698627_1155961634818111_6339052925445145976_n.jpg?stp=dst-jpg_s320x320&_nc_ht=instagram.fruh2-1.fna.fbcdn.net&_nc_cat=107&_nc_ohc=ItarQ7XvtGIAX8iH1dU&edm=AOQ1c0wBAAAA&ccb=7-5&oh=00_AfDmx9i7MgQVNYc7I7z1416wt3tKqaEcWyPGjmGa5AzDtA&oe=6570FC5D&_nc_sid=8b3546,https://www.starbucks.sa,big,Mid-Range,https://www.instagram.com/starbucksksa,"""food and beverage outlets""","[""Coffee Shops and Tea Houses"", ""Dessert Shop"", ""Sandwich Spot"", ""Snack Place""]",Good,Open,,"[""Serve Sweets"", ""Delivery"", ""Dine In"", ""Group Friendly"", ""Takeout"", ""Offers Coffee""]","[""Wheelchair-Friendly Parking""]","[""Supports Credit Card""]",,Riyadh,12791.0,RBSA2257,ChIJi-GNdfcFLz4RDWTmQUbdCYw,19,RBSA2257,2257.0,السويدي العام,حي السويدي,الرياض,12791.0,24.59866316,46.6926482,0
14,Starbucks,ستاربكس,https://instagram.fruh2-1.fna.fbcdn.net/v/t51.2885-19/150698627_1155961634818111_6339052925445145976_n.jpg?stp=dst-jpg_s320x320&_nc_ht=instagram.fruh2-1.fna.fbcdn.net&_nc_cat=107&_nc_ohc=ItarQ7XvtGIAX8iH1dU&edm=AOQ1c0wBAAAA&ccb=7-5&oh=00_AfDmx9i7MgQVNYc7I7z1416wt3tKqaEcWyPGjmGa5AzDtA&oe=6570FC5D&_nc_sid=8b3546,https://www.starbucks.sa,big,Mid-Range,https://www.instagram.com/starbucksksa,"""food and beverage outlets""","[""Coffee Shops and Tea Houses"", ""Dessert Shop"", ""Sandwich Spot"", ""Snack Place""]",Very Good,Open,,"[""Serve Sweets"", ""Toilet"", ""Delivery"", ""Offers Breakfast"", ""Dine In"", ""Group Friendly"", ""Takeout"", ""Offers Coffee""]","[""Wheelchair-Friendly Parking"", ""Wheelchair-Friendly Seating"", ""Wheelchair-Friendly Entrance""]","[""Supports Credit Card""]",,Riyadh,13784.0,RDLG3153,ChIJweyXYocfLz4REBkRYEPTFlQ,15,RDLG3153,3153.0,الطائف,حي ظهرة لبن,الرياض,13784.0,24.63711708,46.537276,0
14,Starbucks,ستاربكس,https://instagram.fruh2-1.fna.fbcdn.net/v/t51.2885-19/150698627_1155961634818111_6339052925445145976_n.jpg?stp=dst-jpg_s320x320&_nc_ht=instagram.fruh2-1.fna.fbcdn.net&_nc_cat=107&_nc_ohc=ItarQ7XvtGIAX8iH1dU&edm=AOQ1c0wBAAAA&ccb=7-5&oh=00_AfDmx9i7MgQVNYc7I7z1416wt3tKqaEcWyPGjmGa5AzDtA&oe=6570FC5D&_nc_sid=8b3546,https://www.starbucks.sa,big,Mid-Range,https://www.instagram.com/starbucksksa,"""food and beverage outlets""","[""Coffee Shops and Tea Houses"", ""Dessert Shop"", ""Sandwich Spot"", ""Snack Place""]",Good,Open,,"[""Serve Sweets"", ""Toilet"", ""Delivery"", ""Offers Breakfast"", ""Dine In"", ""Group Friendly"", ""Takeout"", ""Offers Coffee""]","[""Wheelchair-Friendly Parking"", ""Wheelchair-Friendly Seating"", ""Wheelchair-Friendly Entrance""]","[""Supports Debit Card"", ""Supports Credit Card""]",,Riyadh,12233.0,RHSA3826,ChIJ3xa2xaEDLz4RaeSOO5EGais,365,RHSA3826,3826.0,,حي السليمانية,الرياض,12233.0,24.69278255,46.71702266,0
14,Starbucks,ستاربكس,https://instagram.fruh2-1.fna.fbcdn.net/v/t51.2885-19/150698627_1155961634818111_6339052925445145976_n.jpg?stp=dst-jpg_s320x320&_nc_ht=instagram.fruh2-1.fna.fbcdn.net&_nc_cat=107&_nc_ohc=ItarQ7XvtGIAX8iH1dU&edm=AOQ1c0wBAAAA&ccb=7-5&oh=00_AfDmx9i7MgQVNYc7I7z1416wt3tKqaEcWyPGjmGa5AzDtA&oe=6570FC5D&_nc_sid=8b3546,https://www.starbucks.sa,big,Mid-Range,https://www.instagram.com/starbucksksa,"""food and beverage outlets""","[""Coffee Shops and Tea Houses"", ""Dessert Shop"", ""Sandwich Spot"", ""Snack Place""]",Exceptional,Open,,,,,,Riyadh,12393.0,RGNC7420,ChIJOY3e8ubjLj4R12GKumwHs8g,1,RGNC7420,7420.0,سالم بن معقل,حي النخيل,الرياض,12393.0,24.73661696,46.60942002,0
14,Starbucks,ستاربكس,https://instagram.fruh2-1.fna.fbcdn.net/v/t51.2885-19/150698627_1155961634818111_6339052925445145976_n.jpg?stp=dst-jpg_s320x320&_nc_ht=instagram.fruh2-1.fna.fbcdn.net&_nc_cat=107&_nc_ohc=ItarQ7XvtGIAX8iH1dU&edm=AOQ1c0wBAAAA&ccb=7-5&oh=00_AfDmx9i7MgQVNYc7I7z1416wt3tKqaEcWyPGjmGa5AzDtA&oe=6570FC5D&_nc_sid=8b3546,https://www.starbucks.sa,big,Mid-Range,https://www.instagram.com/starbucksksa,"""food and beverage outlets""","[""Coffee Shops and Tea Houses"", ""Dessert Shop"", ""Sandwich Spot"", ""Snack Place""]",Average,Open,,"[""Serve Sweets"", ""Delivery"", ""Offers Breakfast"", ""Dine In"", ""Group Friendly"", ""Takeout"", ""Offers Coffee""]","[""Wheelchair-Friendly Entrance""]","[""Supports Debit Card"", ""Supports Credit Card""]",,Riyadh,12371.0,RGSA8596,ChIJR2Ekxs8dLz4Rt2Xl7MTPEnA,49,RGSA8596,8596.0,الأمير تركي بن عبدالعزيز الأول,جامعة الملك سعود,الرياض,12371.0,24.72720412,46.63632064,0
14,Starbucks,ستاربكس,https://instagram.fruh2-1.fna.fbcdn.net/v/t51.2885-19/150698627_1155961634818111_6339052925445145976_n.jpg?stp=dst-jpg_s320x320&_nc_ht=instagram.fruh2-1.fna.fbcdn.net&_nc_cat=107&_nc_ohc=ItarQ7XvtGIAX8iH1dU&edm=AOQ1c0wBAAAA&ccb=7-5&oh=00_AfDmx9i7MgQVNYc7I7z1416wt3tKqaEcWyPGjmGa5AzDtA&oe=6570FC5D&_nc_sid=8b3546,https://www.starbucks.sa,big,Mid-Range,https://www.instagram.com/starbucksksa,"""food and beverage outlets""","[""Coffee Shops and Tea Houses"", ""Dessert Shop"", ""Sandwich Spot"", ""Snack Place""]",Unacceptable,Open,,"[""Serve Sweets"", ""Delivery"", ""Dine In"", ""Group Friendly"", ""Takeout"", ""Offers Coffee""]",,"[""Supports Credit Card""]",,Riyadh,12373.0,RGSA9390,ChIJrWwYzubjLj4RLHtjMboyMKo,1,RGSA9390,9390.0,الأمير تركي بن عبدالعزيز الأول,جامعة الملك سعود,الرياض,12373.0,24.74072498,46.62253013,0
14,Starbucks,ستاربكس,https://instagram.fruh2-1.fna.fbcdn.net/v/t51.2885-19/150698627_1155961634818111_6339052925445145976_n.jpg?stp=dst-jpg_s320x320&_nc_ht=instagram.fruh2-1.fna.fbcdn.net&_nc_cat=107&_nc_ohc=ItarQ7XvtGIAX8iH1dU&edm=AOQ1c0wBAAAA&ccb=7-5&oh=00_AfDmx9i7MgQVNYc7I7z1416wt3tKqaEcWyPGjmGa5AzDtA&oe=6570FC5D&_nc_sid=8b3546,https://www.starbucks.sa,big,Mid-Range,https://www.instagram.com/starbucksksa,"""food and beverage outlets""","[""Coffee Shops and Tea Houses"", ""Dessert Shop"", ""Sandwich Spot"", ""Snack Place""]",No Rating,Open,,"[""Serve Sweets"", ""Delivery"", ""Offers Breakfast"", ""Dine In"", ""Group Friendly"", ""Takeout"", ""Offers Coffee""]","[""Wheelchair-Friendly Entrance""]","[""Supports Credit Card""]",,Riyadh,14611.0,RSRA2915,ChIJy3a3TZirLz4RKODh8UqRSXs,0,RSRA2915,2915.0,علي العريني,حي الرماية,الرياض,14611.0,24.75832257,46.85744728,0
14,Starbucks,ستاربكس,https://instagram.fruh2-1.fna.fbcdn.net/v/t51.2885-19/150698627_1155961634818111_6339052925445145976_n.jpg?stp=dst-jpg_s320x320&_nc_ht=instagram.fruh2-1.fna.fbcdn.net&_nc_cat=107&_nc_ohc=ItarQ7XvtGIAX8iH1dU&edm=AOQ1c0wBAAAA&ccb=7-5&oh=00_AfDmx9i7MgQVNYc7I7z1416wt3tKqaEcWyPGjmGa5AzDtA&oe=6570FC5D&_nc_sid=8b3546,https://www.starbucks.sa,big,Mid-Range,https://www.instagram.com/starbucksksa,"""food and beverage outlets""","[""Coffee Shops and Tea Houses"", ""Dessert Shop"", ""Sandwich Spot"", ""Snack Place""]",Very Good,Open,,"[""Serve Sweets"", ""Delivery"", ""Offers Breakfast"", ""Dine In"", ""Group Friendly"", ""Takeout"", ""Offers Coffee""]","[""Wheelchair-Friendly Seating"", ""Wheelchair-Friendly Entrance""]","[""Supports Debit Card"", ""Supports Credit Card""]",,Riyadh,13222.0,RFNC3337,ChIJqUAsHWgBLz4RPvlJG7eI774,47,RFNC3337,3337.0,الامير بندر بن عبدالعزيز,حي النهضة,الرياض,13222.0,24.77523681,46.82061317,0
14,Starbucks,ستاربكس,https://instagram.fruh2-1.fna.fbcdn.net/v/t51.2885-19/150698627_1155961634818111_6339052925445145976_n.jpg?stp=dst-jpg_s320x320&_nc_ht=instagram.fruh2-1.fna.fbcdn.net&_nc_cat=107&_nc_ohc=ItarQ7XvtGIAX8iH1dU&edm=AOQ1c0wBAAAA&ccb=7-5&oh=00_AfDmx9i7MgQVNYc7I7z1416wt3tKqaEcWyPGjmGa5AzDtA&oe=6570FC5D&_nc_sid=8b3546,https://www.starbucks.sa,big,Mid-Range,https://www.instagram.com/starbucksksa,"""food and beverage outlets""","[""Coffee Shops and Tea Houses"", ""Dessert Shop"", ""Sandwich Spot"", ""Snack Place""]",Very Good,Open,,"[""Serve Sweets"", ""Delivery"", ""Offers Breakfast"", ""Dine In"", ""Group Friendly"", ""Takeout"", ""Offers Coffee""]","[""Wheelchair-Friendly Parking"", ""Wheelchair-Friendly Entrance""]","[""Supports Debit Card"", ""Supports Credit Card""]",,Riyadh,13236.0,RFJA8055,ChIJXQ-Cuh7_Lj4RoZ4LC_V7u2g,39,RFJA8055,8055.0, جابر الاحمد الصباح,حي القادسية,الرياض,13236.0,24.80546672,46.81240761,0
14,Starbucks,ستاربكس,https://instagram.fruh2-1.fna.fbcdn.net/v/t51.2885-19/150698627_1155961634818111_6339052925445145976_n.jpg?stp=dst-jpg_s320x320&_nc_ht=instagram.fruh2-1.fna.fbcdn.net&_nc_cat=107&_nc_ohc=ItarQ7XvtGIAX8iH1dU&edm=AOQ1c0wBAAAA&ccb=7-5&oh=00_AfDmx9i7MgQVNYc7I7z1416wt3tKqaEcWyPGjmGa5AzDtA&oe=6570FC5D&_nc_sid=8b3546,https://www.starbucks.sa,big,Mid-Range,https://www.instagram.com/starbucksksa,"""food and beverage outlets""","[""Coffee Shops and Tea Houses"", ""Dessert Shop"", ""Sandwich Spot"", ""Snack Place""]",No Rating,Open,,"[""Dine In"", ""Offers Coffee""]",,,,Riyadh,13613.0,RTJA3046,ChIJ2VSYJ01VLj4R3LA5PDPNyus,0,RTJA3046,3046.0,الشرق,حي الجنادرية,الرياض,13613.0,24.8330212,46.88341448,0
14,Starbucks,ستاربكس,https://instagram.fruh2-1.fna.fbcdn.net/v/t51.2885-19/150698627_1155961634818111_6339052925445145976_n.jpg?stp=dst-jpg_s320x320&_nc_ht=instagram.fruh2-1.fna.fbcdn.net&_nc_cat=107&_nc_ohc=ItarQ7XvtGIAX8iH1dU&edm=AOQ1c0wBAAAA&ccb=7-5&oh=00_AfDmx9i7MgQVNYc7I7z1416wt3tKqaEcWyPGjmGa5AzDtA&oe=6570FC5D&_nc_sid=8b3546,https://www.starbucks.sa,big,Mid-Range,https://www.instagram.com/starbucksksa,"""food and beverage outlets""","[""Coffee Shops and Tea Houses"", ""Dessert Shop"", ""Sandwich Spot"", ""Snack Place""]",Very Good,Open,,"[""Serve Sweets"", ""Delivery"", ""Offers Breakfast"", ""Dine In"", ""Group Friendly"", ""Takeout"", ""Offers Coffee""]","[""Wheelchair-Friendly Parking""]","[""Supports Debit Card"", ""Supports Credit Card""]",,Riyadh,13422.0,RUMD4178,ChIJVXcA-mv_Lj4RFsaOAD6CSzQ,132,RUMD4178,4178.0,الثمامه,حي المونسية,الرياض,13422.0,24.8534713,46.77169669,0
15,Dunkin',دانكن,https://instagram.fruh2-1.fna.fbcdn.net/v/t51.2885-19/277659145_735017461011651_3433645854315472480_n.jpg?stp=dst-jpg_s320x320&_nc_ht=instagram.fruh2-1.fna.fbcdn.net&_nc_cat=103&_nc_ohc=4K67r7pyZ80AX-kxEnA&edm=AOQ1c0wBAAAA&ccb=7-5&oh=00_AfBroTgPk8qHqx3fpRxx99qO_ozPAXe4BySIllXmnzuyVQ&oe=656FFD61&_nc_sid=8b3546,https://www.dunkinksa.com,big,Mid-Range,https://www.instagram.com/dunkindonutsksa,"""food and beverage outlets""","[""Coffee Shops and Tea Houses"", ""Donut Shop"", ""Sandwich Spot""]",Exceptional,Open,,"[""Serve Sweets"", ""Dine In"", ""Group Friendly"", ""Delivery"", ""Offers Coffee""]","[""Wheelchair-Friendly Parking"", ""Wheelchair-Friendly Entrance""]",,,Riyadh,14581.0,RMHA3635,ChIJGd8x_zOdLz4RMXFys9lAwAg,1,RMHA3635,3635.0,ابي المعالي الطاهري,حي الحائر,الرياض,14581.0,24.40648686,46.84158636,0
15,Dunkin',دانكن,https://instagram.fruh2-1.fna.fbcdn.net/v/t51.2885-19/277659145_735017461011651_3433645854315472480_n.jpg?stp=dst-jpg_s320x320&_nc_ht=instagram.fruh2-1.fna.fbcdn.net&_nc_cat=103&_nc_ohc=4K67r7pyZ80AX-kxEnA&edm=AOQ1c0wBAAAA&ccb=7-5&oh=00_AfBroTgPk8qHqx3fpRxx99qO_ozPAXe4BySIllXmnzuyVQ&oe=656FFD61&_nc_sid=8b3546,https://www.dunkinksa.com,big,Mid-Range,https://www.instagram.com/dunkindonutsksa,"""food and beverage outlets""","[""Coffee Shops and Tea Houses"", ""Donut Shop"", ""Sandwich Spot""]",Below Average,Open,,"[""Serve Sweets"", ""Offers Breakfast"", ""Pickup"", ""Dine In"", ""Group Friendly"", ""Takeout"", ""Offers Coffee""]",,"[""Supports Debit Card"", ""Supports Credit Card""]",,Riyadh,14581.0,RMHA9155,ChIJ3_XpuBGdLz4R0s_cnCbh3Hc,85,RMHA9155,9155.0,الحائر,حي الحائر,الرياض,14581.0,24.41207425,46.83809669,0
15,Dunkin',دانكن,https://instagram.fruh2-1.fna.fbcdn.net/v/t51.2885-19/277659145_735017461011651_3433645854315472480_n.jpg?stp=dst-jpg_s320x320&_nc_ht=instagram.fruh2-1.fna.fbcdn.net&_nc_cat=103&_nc_ohc=4K67r7pyZ80AX-kxEnA&edm=AOQ1c0wBAAAA&ccb=7-5&oh=00_AfBroTgPk8qHqx3fpRxx99qO_ozPAXe4BySIllXmnzuyVQ&oe=656FFD61&_nc_sid=8b3546,https://www.dunkinksa.com,big,Mid-Range,https://www.instagram.com/dunkindonutsksa,"""food and beverage outlets""","[""Coffee Shops and Tea Houses"", ""Donut Shop"", ""Sandwich Spot""]",Average,Open,,"[""Serve Sweets"", ""Delivery"", ""Dine In"", ""Group Friendly"", ""Takeout"", ""Offers Coffee""]",,"[""Supports Credit Card""]",,Riyadh,14969.0,RKDC7886,ChIJfeFjmEoRLz4RDggTyFNflnw,6,RKDC7886,7886.0,ديراب الفرعي,حي ديراب,الرياض,14969.0,24.50787488,46.63578683,0
15,Dunkin',دانكن,https://instagram.fruh2-1.fna.fbcdn.net/v/t51.2885-19/277659145_735017461011651_3433645854315472480_n.jpg?stp=dst-jpg_s320x320&_nc_ht=instagram.fruh2-1.fna.fbcdn.net&_nc_cat=103&_nc_ohc=4K67r7pyZ80AX-kxEnA&edm=AOQ1c0wBAAAA&ccb=7-5&oh=00_AfBroTgPk8qHqx3fpRxx99qO_ozPAXe4BySIllXmnzuyVQ&oe=656FFD61&_nc_sid=8b3546,https://www.dunkinksa.com,big,Mid-Range,https://www.instagram.com/dunkindonutsksa,"""food and beverage outlets""","[""Coffee Shops and Tea Houses"", ""Donut Shop"", ""Sandwich Spot""]",Below Average,Open,,"[""Serve Sweets"", ""Dine In"", ""Group Friendly"", ""Delivery"", ""Offers Coffee""]","[""Wheelchair-Friendly Entrance""]",,,Riyadh,14964.0,RKHA4559,ChIJ4blEoeARLz4RouWW5D6wkjE,14,RKHA4559,4559.0,المشتل,حي الحزم,الرياض,14964.0,24.54187558,46.6586128,0
15,Dunkin',دانكن,https://instagram.fruh2-1.fna.fbcdn.net/v/t51.2885-19/277659145_735017461011651_3433645854315472480_n.jpg?stp=dst-jpg_s320x320&_nc_ht=instagram.fruh2-1.fna.fbcdn.net&_nc_cat=103&_nc_ohc=4K67r7pyZ80AX-kxEnA&edm=AOQ1c0wBAAAA&ccb=7-5&oh=00_AfBroTgPk8qHqx3fpRxx99qO_ozPAXe4BySIllXmnzuyVQ&oe=656FFD61&_nc_sid=8b3546,https://www.dunkinksa.com,big,Mid-Range,https://www.instagram.com/dunkindonutsksa,"""food and beverage outlets""","[""Coffee Shops and Tea Houses"", ""Donut Shop"", ""Sandwich Spot""]",Average,Open,,"[""Serve Sweets"", ""Dine In"", ""Group Friendly"", ""Delivery"", ""Kids Friendly"", ""Offers Coffee""]",,,,Riyadh,14964.0,RKHB4613,ChIJ42yoWxYRLz4RlB0bWZMd2W4,2,RKHB4613,4613.0,المشتل,حي الحزم,الرياض,14964.0,24.54162894,46.65913841,0
15,Dunkin',دانكن,https://instagram.fruh2-1.fna.fbcdn.net/v/t51.2885-19/277659145_735017461011651_3433645854315472480_n.jpg?stp=dst-jpg_s320x320&_nc_ht=instagram.fruh2-1.fna.fbcdn.net&_nc_cat=103&_nc_ohc=4K67r7pyZ80AX-kxEnA&edm=AOQ1c0wBAAAA&ccb=7-5&oh=00_AfBroTgPk8qHqx3fpRxx99qO_ozPAXe4BySIllXmnzuyVQ&oe=656FFD61&_nc_sid=8b3546,https://www.dunkinksa.com,big,Mid-Range,https://www.instagram.com/dunkindonutsksa,"""food and beverage outlets""","[""Coffee Shops and Tea Houses"", ""Donut Shop"", ""Sandwich Spot""]",No Rating,Open,,"[""Serve Sweets"", ""Delivery"", ""Offers Breakfast"", ""Dine In"", ""Group Friendly"", ""Takeout"", ""Kids Friendly"", ""Offers Coffee""]",,"[""Supports Debit Card"", ""Supports Credit Card""]",,Riyadh,14517.0,RMDA7167,ChIJWQxwPQQJLz4RhlnrkU5R0rg,0,RMDA7167,7167.0,العزيزية الفرعي,حي الدار البيضاء,الرياض,14517.0,24.56612734,46.79045274,0
15,Dunkin',دانكن,https://instagram.fruh2-1.fna.fbcdn.net/v/t51.2885-19/277659145_735017461011651_3433645854315472480_n.jpg?stp=dst-jpg_s320x320&_nc_ht=instagram.fruh2-1.fna.fbcdn.net&_nc_cat=103&_nc_ohc=4K67r7pyZ80AX-kxEnA&edm=AOQ1c0wBAAAA&ccb=7-5&oh=00_AfBroTgPk8qHqx3fpRxx99qO_ozPAXe4BySIllXmnzuyVQ&oe=656FFD61&_nc_sid=8b3546,https://www.dunkinksa.com,big,Mid-Range,https://www.instagram.com/dunkindonutsksa,"""food and beverage outlets""","[""Coffee Shops and Tea Houses"", ""Donut Shop"", ""Sandwich Spot""]",Very Good,Open,,"[""Serve Sweets"", ""Delivery"", ""Offers Breakfast"", ""Dine In"", ""Takeout"", ""Kids Friendly"", ""Offers Coffee""]","[""Wheelchair-Friendly Entrance""]","[""Supports Debit Card"", ""Supports Credit Card""]",,Riyadh,12613.0,RCRA3536,ChIJ26NnPDQFLz4RciIdLe4W6PI,4,RCRA3536,3536.0,الملك فهد,حي المربع,الرياض,12613.0,24.65157717,46.70364832,0
15,Dunkin',دانكن,https://instagram.fruh2-1.fna.fbcdn.net/v/t51.2885-19/277659145_735017461011651_3433645854315472480_n.jpg?stp=dst-jpg_s320x320&_nc_ht=instagram.fruh2-1.fna.fbcdn.net&_nc_cat=103&_nc_ohc=4K67r7pyZ80AX-kxEnA&edm=AOQ1c0wBAAAA&ccb=7-5&oh=00_AfBroTgPk8qHqx3fpRxx99qO_ozPAXe4BySIllXmnzuyVQ&oe=656FFD61&_nc_sid=8b3546,https://www.dunkinksa.com,big,Mid-Range,https://www.instagram.com/dunkindonutsksa,"""food and beverage outlets""","[""Coffee Shops and Tea Houses"", ""Donut Shop"", ""Sandwich Spot""]",Very Good,Open,,"[""Serve Sweets"", ""Dine In"", ""Group Friendly"", ""Delivery"", ""Offers Coffee""]","[""Wheelchair-Friendly Parking"", ""Wheelchair-Friendly Entrance""]","[""Supports Credit Card""]",,Riyadh,12613.0,RCRA3536,ChIJBfdtAV4FLz4RnaYz7XoG5tQ,13,RCRA3536,3536.0,الملك فهد,حي المربع,الرياض,12613.0,24.65157717,46.70364832,0
15,Dunkin',دانكن,https://instagram.fruh2-1.fna.fbcdn.net/v/t51.2885-19/277659145_735017461011651_3433645854315472480_n.jpg?stp=dst-jpg_s320x320&_nc_ht=instagram.fruh2-1.fna.fbcdn.net&_nc_cat=103&_nc_ohc=4K67r7pyZ80AX-kxEnA&edm=AOQ1c0wBAAAA&ccb=7-5&oh=00_AfBroTgPk8qHqx3fpRxx99qO_ozPAXe4BySIllXmnzuyVQ&oe=656FFD61&_nc_sid=8b3546,https://www.dunkinksa.com,big,Mid-Range,https://www.instagram.com/dunkindonutsksa,"""food and beverage outlets""","[""Coffee Shops and Tea Houses"", ""Donut Shop"", ""Sandwich Spot""]",Very Good,Open,,"[""Serve Sweets"", ""Delivery"", ""Offers Breakfast"", ""Dine In"", ""Group Friendly"", ""Takeout"", ""Kids Friendly"", ""Offers Coffee""]","[""Wheelchair-Friendly Parking"", ""Wheelchair-Friendly Entrance""]","[""Supports Debit Card"", ""Supports Credit Card""]",,Riyadh,12629.0,REMA6895,ChIJGyv1hMwFLz4RyVIvcNTZVr8,6,REMA6895,6895.0,الملك عبدالعزيز ابن عبدالرحمن سعود,حي الملز,الرياض,12629.0,24.66138084,46.71845386,0
15,Dunkin',دانكن,https://instagram.fruh2-1.fna.fbcdn.net/v/t51.2885-19/277659145_735017461011651_3433645854315472480_n.jpg?stp=dst-jpg_s320x320&_nc_ht=instagram.fruh2-1.fna.fbcdn.net&_nc_cat=103&_nc_ohc=4K67r7pyZ80AX-kxEnA&edm=AOQ1c0wBAAAA&ccb=7-5&oh=00_AfBroTgPk8qHqx3fpRxx99qO_ozPAXe4BySIllXmnzuyVQ&oe=656FFD61&_nc_sid=8b3546,https://www.dunkinksa.com,big,Mid-Range,https://www.instagram.com/dunkindonutsksa,"""food and beverage outlets""","[""Coffee Shops and Tea Houses"", ""Donut Shop"", ""Sandwich Spot""]",No Rating,Open,"['""Monday, Tuesday, Wednesday, Thursday, Friday, Saturday, Sunday: 07:00 AM - +0:000 PM""']","[""Takeout"", ""Delivery""]",,"[""Supports Credit Card""]",,Riyadh,12512.0,RYSA7320,ChIJxRsKSV4dLz4RPp5AxUtCSsg,0,RYSA7320,7320.0,عمرو بن أمية الضمري,حي السفارات,الرياض,12512.0,24.6795042,46.62315105,57cc00a2498e00f9196b5b06
15,Dunkin',دانكن,https://instagram.fruh2-1.fna.fbcdn.net/v/t51.2885-19/277659145_735017461011651_3433645854315472480_n.jpg?stp=dst-jpg_s320x320&_nc_ht=instagram.fruh2-1.fna.fbcdn.net&_nc_cat=103&_nc_ohc=4K67r7pyZ80AX-kxEnA&edm=AOQ1c0wBAAAA&ccb=7-5&oh=00_AfBroTgPk8qHqx3fpRxx99qO_ozPAXe4BySIllXmnzuyVQ&oe=656FFD61&_nc_sid=8b3546,https://www.dunkinksa.com,big,Mid-Range,https://www.instagram.com/dunkindonutsksa,"""food and beverage outlets""","[""Coffee Shops and Tea Houses"", ""Donut Shop"", ""Sandwich Spot""]",Exceptional,Open,"['""Monday, Tuesday, Wednesday, Thursday, Friday, Saturday, Sunday: 06:00 AM - +0:600 PM""']","[""Serve Sweets"", ""Delivery"", ""Dine In"", ""Group Friendly"", ""Takeout"", ""Kids Friendly"", ""Offers Coffee""]",,"[""Supports Credit Card""]",,Riyadh,12311.0,RHOA7428,ChIJmWA7jn8DLz4R-rXAbYqI4As,1,RHOA7428,7428.0,الملك فهد الفرعي,حي العليا,الرياض,12311.0,24.68761649,46.68359626,5bdadba52b274a002c3e6e60
15,Dunkin',دانكن,https://instagram.fruh2-1.fna.fbcdn.net/v/t51.2885-19/277659145_735017461011651_3433645854315472480_n.jpg?stp=dst-jpg_s320x320&_nc_ht=instagram.fruh2-1.fna.fbcdn.net&_nc_cat=103&_nc_ohc=4K67r7pyZ80AX-kxEnA&edm=AOQ1c0wBAAAA&ccb=7-5&oh=00_AfBroTgPk8qHqx3fpRxx99qO_ozPAXe4BySIllXmnzuyVQ&oe=656FFD61&_nc_sid=8b3546,https://www.dunkinksa.com,big,Mid-Range,https://www.instagram.com/dunkindonutsksa,"""food and beverage outlets""","[""Coffee Shops and Tea Houses"", ""Donut Shop"", ""Sandwich Spot""]",Average,Open,,"[""Serve Sweets"", ""Delivery"", ""Offers Breakfast"", ""Dine In"", ""Takeout"", ""Kids Friendly"", ""Offers Coffee""]","[""Wheelchair-Friendly Entrance""]","[""Supports Debit Card"", ""Supports Credit Card""]",,Riyadh,12832.0,REMB7801,ChIJzSYSfNMFLz4R8aDI7Nd3Pyk,5,REMB7801,7801.0,الاحساء,حي الملز,الرياض,12832.0,24.67696935,46.73721868,0
15,Dunkin',دانكن,https://instagram.fruh2-1.fna.fbcdn.net/v/t51.2885-19/277659145_735017461011651_3433645854315472480_n.jpg?stp=dst-jpg_s320x320&_nc_ht=instagram.fruh2-1.fna.fbcdn.net&_nc_cat=103&_nc_ohc=4K67r7pyZ80AX-kxEnA&edm=AOQ1c0wBAAAA&ccb=7-5&oh=00_AfBroTgPk8qHqx3fpRxx99qO_ozPAXe4BySIllXmnzuyVQ&oe=656FFD61&_nc_sid=8b3546,https://www.dunkinksa.com,big,Mid-Range,https://www.instagram.com/dunkindonutsksa,"""food and beverage outlets""","[""Coffee Shops and Tea Houses"", ""Donut Shop"", ""Sandwich Spot""]",Very Good,Open,"['""Monday, Tuesday, Wednesday, Thursday, Saturday, Sunday: 09:00 AM - 23:30 PM""', '""Friday: 13:00 AM - 23:30 PM""']","[""Serve Sweets"", ""Toilet"", ""Delivery"", ""Dine In"", ""Group Friendly"", ""Takeout"", ""Offers Coffee""]","[""Wheelchair-Friendly Parking"", ""Wheelchair-Friendly Entrance"", ""Wheelchair-Friendly Toilet""]","[""Supports Credit Card""]",,Riyadh,12326.0,RGUA4207,ChIJn3G4jE0dLz4Ru6SFrXm66lk,9,RGUA4207,4207.0,العروبة الفرعي,حي ام الحمام الغربي,الرياض,12326.0,24.70251152,46.6516111,57d408a5498e98354477f1ee
15,Dunkin',دانكن,https://instagram.fruh2-1.fna.fbcdn.net/v/t51.2885-19/277659145_735017461011651_3433645854315472480_n.jpg?stp=dst-jpg_s320x320&_nc_ht=instagram.fruh2-1.fna.fbcdn.net&_nc_cat=103&_nc_ohc=4K67r7pyZ80AX-kxEnA&edm=AOQ1c0wBAAAA&ccb=7-5&oh=00_AfBroTgPk8qHqx3fpRxx99qO_ozPAXe4BySIllXmnzuyVQ&oe=656FFD61&_nc_sid=8b3546,https://www.dunkinksa.com,big,Mid-Range,https://www.instagram.com/dunkindonutsksa,"""food and beverage outlets""","[""Coffee Shops and Tea Houses"", ""Donut Shop"", ""Sandwich Spot""]",Good,Open,"['""Monday, Tuesday, Wednesday, Thursday, Saturday, Sunday: 07:00 AM - +0:000 PM""', '""Friday: 13:00 AM - +0:100 PM""']","[""Serve Sweets"", ""Delivery"", ""Dine In"", ""Group Friendly"", ""Takeout"", ""Kids Friendly"", ""Offers Coffee""]","[""Wheelchair-Friendly Seating"", ""Wheelchair-Friendly Entrance""]","[""Supports Credit Card""]",,Riyadh,12355.0,RGDA7885,ChIJvdlh2CYdLz4R8VE8ff2B5N4,32,RGDA7885,7885.0,عشيرة سدير,حي الرائد,الرياض,12355.0,24.71114977,46.63151536,5e3ddf97c646b600086986cb
15,Dunkin',دانكن,https://instagram.fruh2-1.fna.fbcdn.net/v/t51.2885-19/277659145_735017461011651_3433645854315472480_n.jpg?stp=dst-jpg_s320x320&_nc_ht=instagram.fruh2-1.fna.fbcdn.net&_nc_cat=103&_nc_ohc=4K67r7pyZ80AX-kxEnA&edm=AOQ1c0wBAAAA&ccb=7-5&oh=00_AfBroTgPk8qHqx3fpRxx99qO_ozPAXe4BySIllXmnzuyVQ&oe=656FFD61&_nc_sid=8b3546,https://www.dunkinksa.com,big,Mid-Range,https://www.instagram.com/dunkindonutsksa,"""food and beverage outlets""","[""Coffee Shops and Tea Houses"", ""Donut Shop"", ""Sandwich Spot""]",Average,Open,"['""Monday, Tuesday, Wednesday, Thursday, Saturday, Sunday: 06:00 AM - +0:300 PM""', '""Friday: 12:30 AM - +0:400 PM""']","[""Serve Sweets"", ""Delivery"", ""Offers Breakfast"", ""Dine In"", ""Takeout"", ""Kids Friendly"", ""Offers Coffee""]",,"[""Supports Debit Card"", ""Supports Credit Card""]",,Riyadh,12471.0,RHNA3124,ChIJGdLeOmYDLz4R3UgyS4Caz5U,24,RHNA3124,3124.0,الملك عبدالله ابن عبدالعزيز سعود الفرعي,حي النزهة,الرياض,12471.0,24.74587839,46.70551784,646d7afd832f1513ba40f03d
15,Dunkin',دانكن,https://instagram.fruh2-1.fna.fbcdn.net/v/t51.2885-19/277659145_735017461011651_3433645854315472480_n.jpg?stp=dst-jpg_s320x320&_nc_ht=instagram.fruh2-1.fna.fbcdn.net&_nc_cat=103&_nc_ohc=4K67r7pyZ80AX-kxEnA&edm=AOQ1c0wBAAAA&ccb=7-5&oh=00_AfBroTgPk8qHqx3fpRxx99qO_ozPAXe4BySIllXmnzuyVQ&oe=656FFD61&_nc_sid=8b3546,https://www.dunkinksa.com,big,Mid-Range,https://www.instagram.com/dunkindonutsksa,"""food and beverage outlets""","[""Coffee Shops and Tea Houses"", ""Donut Shop"", ""Sandwich Spot""]",Good,Close,"['""Monday, Tuesday, Wednesday, Thursday, Saturday, Sunday: 09:00 AM - +0:000 PM""', '""Friday: 16:00 AM - +0:000 PM""']","[""Dine In"", ""Offers Coffee""]",,,,Riyadh,13214.0,RFQA7790,ChIJpTnUg7MBLz4RXusM7UvRnhg,4,RFQA7790,7790.0,الأمير محمد بن فيصل بن تركي,حي القدس,الرياض,13214.0,24.75607653,46.76001054,60c0cea35e3ca025a90aee7e
15,Dunkin',دانكن,https://instagram.fruh2-1.fna.fbcdn.net/v/t51.2885-19/277659145_735017461011651_3433645854315472480_n.jpg?stp=dst-jpg_s320x320&_nc_ht=instagram.fruh2-1.fna.fbcdn.net&_nc_cat=103&_nc_ohc=4K67r7pyZ80AX-kxEnA&edm=AOQ1c0wBAAAA&ccb=7-5&oh=00_AfBroTgPk8qHqx3fpRxx99qO_ozPAXe4BySIllXmnzuyVQ&oe=656FFD61&_nc_sid=8b3546,https://www.dunkinksa.com,big,Mid-Range,https://www.instagram.com/dunkindonutsksa,"""food and beverage outlets""","[""Coffee Shops and Tea Houses"", ""Donut Shop"", ""Sandwich Spot""]",No Rating,Open,,,,,,Riyadh,13215.0,RFFA4211,ChIJA1K3tbkBLz4RN7pO0msJ1uU,0,RFFA4211,4211.0,الكندي,حي الملك فيصل,الرياض,13215.0,24.75707791,46.781,0
15,Dunkin',دانكن,https://instagram.fruh2-1.fna.fbcdn.net/v/t51.2885-19/277659145_735017461011651_3433645854315472480_n.jpg?stp=dst-jpg_s320x320&_nc_ht=instagram.fruh2-1.fna.fbcdn.net&_nc_cat=103&_nc_ohc=4K67r7pyZ80AX-kxEnA&edm=AOQ1c0wBAAAA&ccb=7-5&oh=00_AfBroTgPk8qHqx3fpRxx99qO_ozPAXe4BySIllXmnzuyVQ&oe=656FFD61&_nc_sid=8b3546,https://www.dunkinksa.com,big,Mid-Range,https://www.instagram.com/dunkindonutsksa,"""food and beverage outlets""","[""Coffee Shops and Tea Houses"", ""Donut Shop"", ""Sandwich Spot""]",Average,Open,,"[""Serve Sweets"", ""Delivery"", ""Offers Breakfast"", ""Dine In"", ""Group Friendly"", ""Takeout"", ""Offers Coffee""]","[""Wheelchair-Friendly Entrance""]","[""Supports Credit Card""]",,Riyadh,13226.0,RFBA3533,ChIJUykxRD8BLz4R9mzBq5UfNVA,52,RFBA3533,3533.0,على بن سعيد,حي اشبيلية,الرياض,13226.0,24.78601552,46.79923109,0
15,Dunkin',دانكن,https://instagram.fruh2-1.fna.fbcdn.net/v/t51.2885-19/277659145_735017461011651_3433645854315472480_n.jpg?stp=dst-jpg_s320x320&_nc_ht=instagram.fruh2-1.fna.fbcdn.net&_nc_cat=103&_nc_ohc=4K67r7pyZ80AX-kxEnA&edm=AOQ1c0wBAAAA&ccb=7-5&oh=00_AfBroTgPk8qHqx3fpRxx99qO_ozPAXe4BySIllXmnzuyVQ&oe=656FFD61&_nc_sid=8b3546,https://www.dunkinksa.com,big,Mid-Range,https://www.instagram.com/dunkindonutsksa,"""food and beverage outlets""","[""Coffee Shops and Tea Houses"", ""Donut Shop"", ""Sandwich Spot""]",Good,Open,"['""Monday, Tuesday, Wednesday, Sunday: 06:30 AM - 23:00 PM""', '""Friday, Saturday: 13:00 AM - +0:000 PM""']","[""Serve Sweets"", ""Toilet"", ""Delivery"", ""Offers Breakfast"", ""Dine In"", ""Group Friendly"", ""Takeout"", ""Kids Friendly"", ""Offers Coffee""]",,"[""Supports Debit Card"", ""Supports Credit Card""]",+966 800 128 8999,Riyadh,13247.0,RUQA3322,ChIJtULnLUf8Lj4R5iXsIrQaS_U,528,RUQA3322,3322.0,ممر77,حي قرطبة,الرياض,13247.0,24.81500784,46.72702027,5a0ae1a4d552c77ae3f38b03
15,Dunkin',دانكن,https://instagram.fruh2-1.fna.fbcdn.net/v/t51.2885-19/277659145_735017461011651_3433645854315472480_n.jpg?stp=dst-jpg_s320x320&_nc_ht=instagram.fruh2-1.fna.fbcdn.net&_nc_cat=103&_nc_ohc=4K67r7pyZ80AX-kxEnA&edm=AOQ1c0wBAAAA&ccb=7-5&oh=00_AfBroTgPk8qHqx3fpRxx99qO_ozPAXe4BySIllXmnzuyVQ&oe=656FFD61&_nc_sid=8b3546,https://www.dunkinksa.com,big,Mid-Range,https://www.instagram.com/dunkindonutsksa,"""food and beverage outlets""","[""Coffee Shops and Tea Houses"", ""Donut Shop"", ""Sandwich Spot""]",No Rating,Open,"['""Monday, Tuesday, Wednesday, Thursday, Saturday, Sunday: 06:00 AM - 22:00 PM""', '""Friday: 13:00 AM - 22:00 PM""']","[""Delivery"", ""Offers Breakfast"", ""Dine In"", ""Group Friendly"", ""Takeout"", ""Kids Friendly"", ""Offers Coffee""]",,"[""Supports Debit Card"", ""Supports Credit Card""]",,Riyadh,13325.0,RAYB4274,ChIJPy67a6rlLj4RIIDKHJOqKYY,0,RAYB4274,4274.0,انس بن مالك,حي الياسمين,الرياض,13325.0,24.8168123,46.63649096,505b221be4b095f433854daa
15,Dunkin',دانكن,https://instagram.fruh2-1.fna.fbcdn.net/v/t51.2885-19/277659145_735017461011651_3433645854315472480_n.jpg?stp=dst-jpg_s320x320&_nc_ht=instagram.fruh2-1.fna.fbcdn.net&_nc_cat=103&_nc_ohc=4K67r7pyZ80AX-kxEnA&edm=AOQ1c0wBAAAA&ccb=7-5&oh=00_AfBroTgPk8qHqx3fpRxx99qO_ozPAXe4BySIllXmnzuyVQ&oe=656FFD61&_nc_sid=8b3546,https://www.dunkinksa.com,big,Mid-Range,https://www.instagram.com/dunkindonutsksa,"""food and beverage outlets""","[""Coffee Shops and Tea Houses"", ""Donut Shop"", ""Sandwich Spot""]",Average,Open,,"[""Serve Sweets"", ""Delivery"", ""Offers Breakfast"", ""Dine In"", ""Takeout"", ""Kids Friendly"", ""Offers Coffee""]",,"[""Supports Debit Card"", ""Supports Credit Card""]",,Riyadh,14814.0,RSNA8085,ChIJ-UZf4mJVLj4Rq1gvwvyeL8s,3,RSNA8085,8085.0,خريص,حي النظيم,الرياض,14814.0,24.81927215,46.88256447,0
15,Dunkin',دانكن,https://instagram.fruh2-1.fna.fbcdn.net/v/t51.2885-19/277659145_735017461011651_3433645854315472480_n.jpg?stp=dst-jpg_s320x320&_nc_ht=instagram.fruh2-1.fna.fbcdn.net&_nc_cat=103&_nc_ohc=4K67r7pyZ80AX-kxEnA&edm=AOQ1c0wBAAAA&ccb=7-5&oh=00_AfBroTgPk8qHqx3fpRxx99qO_ozPAXe4BySIllXmnzuyVQ&oe=656FFD61&_nc_sid=8b3546,https://www.dunkinksa.com,big,Mid-Range,https://www.instagram.com/dunkindonutsksa,"""food and beverage outlets""","[""Coffee Shops and Tea Houses"", ""Donut Shop"", ""Sandwich Spot""]",Unacceptable,Open,,"[""Serve Sweets"", ""Dine In"", ""Group Friendly"", ""Delivery"", ""Offers Coffee""]","[""Wheelchair-Friendly Parking"", ""Wheelchair-Friendly Entrance""]",,,Riyadh,13412.0,RUKA7170,ChIJUZFlhaL7Lj4Ray5FSMEBU0Q,2,RUKA7170,7170.0,المطار,مطار الملك خالد,الرياض,13412.0,24.84102729,46.72135011,0
15,Dunkin',دانكن,https://instagram.fruh2-1.fna.fbcdn.net/v/t51.2885-19/277659145_735017461011651_3433645854315472480_n.jpg?stp=dst-jpg_s320x320&_nc_ht=instagram.fruh2-1.fna.fbcdn.net&_nc_cat=103&_nc_ohc=4K67r7pyZ80AX-kxEnA&edm=AOQ1c0wBAAAA&ccb=7-5&oh=00_AfBroTgPk8qHqx3fpRxx99qO_ozPAXe4BySIllXmnzuyVQ&oe=656FFD61&_nc_sid=8b3546,https://www.dunkinksa.com,big,Mid-Range,https://www.instagram.com/dunkindonutsksa,"""food and beverage outlets""","[""Coffee Shops and Tea Houses"", ""Donut Shop"", ""Sandwich Spot""]",No Rating,Open,,"[""Takeout"", ""Delivery""]",,"[""Supports Credit Card""]",,Riyadh,13412.0,RUKA7170,ChIJJRc3pMT7Lj4RfIFdciTwLvg,0,RUKA7170,7170.0,المطار,مطار الملك خالد,الرياض,13412.0,24.84102729,46.72135011,0
15,Dunkin',دانكن,https://instagram.fruh2-1.fna.fbcdn.net/v/t51.2885-19/277659145_735017461011651_3433645854315472480_n.jpg?stp=dst-jpg_s320x320&_nc_ht=instagram.fruh2-1.fna.fbcdn.net&_nc_cat=103&_nc_ohc=4K67r7pyZ80AX-kxEnA&edm=AOQ1c0wBAAAA&ccb=7-5&oh=00_AfBroTgPk8qHqx3fpRxx99qO_ozPAXe4BySIllXmnzuyVQ&oe=656FFD61&_nc_sid=8b3546,https://www.dunkinksa.com,big,Mid-Range,https://www.instagram.com/dunkindonutsksa,"""food and beverage outlets""","[""Coffee Shops and Tea Houses"", ""Donut Shop"", ""Sandwich Spot""]",Very Poor,Open,,"[""Serve Sweets"", ""Dine In"", ""Group Friendly"", ""Delivery"", ""Offers Coffee""]","[""Wheelchair-Friendly Parking"", ""Wheelchair-Friendly Entrance""]",,,Riyadh,13412.0,RUKB7265,ChIJhZLubtD7Lj4RRU3hE-jN4lA,6,RUKB7265,7265.0,المطار,مطار الملك خالد,الرياض,13412.0,24.8418329,46.72554966,0
15,Dunkin',دانكن,https://instagram.fruh2-1.fna.fbcdn.net/v/t51.2885-19/277659145_735017461011651_3433645854315472480_n.jpg?stp=dst-jpg_s320x320&_nc_ht=instagram.fruh2-1.fna.fbcdn.net&_nc_cat=103&_nc_ohc=4K67r7pyZ80AX-kxEnA&edm=AOQ1c0wBAAAA&ccb=7-5&oh=00_AfBroTgPk8qHqx3fpRxx99qO_ozPAXe4BySIllXmnzuyVQ&oe=656FFD61&_nc_sid=8b3546,https://www.dunkinksa.com,big,Mid-Range,https://www.instagram.com/dunkindonutsksa,"""food and beverage outlets""","[""Coffee Shops and Tea Houses"", ""Donut Shop"", ""Sandwich Spot""]",Very Poor,Open,,"[""Serve Sweets"", ""Dine In"", ""Group Friendly"", ""Delivery"", ""Offers Coffee""]","[""Wheelchair-Friendly Parking"", ""Wheelchair-Friendly Entrance""]",,,Riyadh,13415.0,RUKB3662,ChIJlQ6-nGj7Lj4RRlgPIjXzsPk,26,RUKB3662,3662.0,المطار,مطار الملك خالد,الرياض,13415.0,24.85164806,46.71500742,0
15,Dunkin',دانكن,https://instagram.fruh2-1.fna.fbcdn.net/v/t51.2885-19/277659145_735017461011651_3433645854315472480_n.jpg?stp=dst-jpg_s320x320&_nc_ht=instagram.fruh2-1.fna.fbcdn.net&_nc_cat=103&_nc_ohc=4K67r7pyZ80AX-kxEnA&edm=AOQ1c0wBAAAA&ccb=7-5&oh=00_AfBroTgPk8qHqx3fpRxx99qO_ozPAXe4BySIllXmnzuyVQ&oe=656FFD61&_nc_sid=8b3546,https://www.dunkinksa.com,big,Mid-Range,https://www.instagram.com/dunkindonutsksa,"""food and beverage outlets""","[""Coffee Shops and Tea Houses"", ""Donut Shop"", ""Sandwich Spot""]",Very Good,Open,,"[""Serve Sweets"", ""Delivery"", ""Dine In"", ""Takeout"", ""Kids Friendly"", ""Offers Coffee""]",,"[""Supports Credit Card""]",,Riyadh,13337.0,RRRA3681,ChIJ8zOefxXvLj4RCvmxbch2fdU,2,RRRA3681,3681.0,ريحانه بنت زيد,حي العارض,الرياض,13337.0,24.88139652,46.60421275,0
15,Dunkin',دانكن,https://instagram.fruh2-1.fna.fbcdn.net/v/t51.2885-19/277659145_735017461011651_3433645854315472480_n.jpg?stp=dst-jpg_s320x320&_nc_ht=instagram.fruh2-1.fna.fbcdn.net&_nc_cat=103&_nc_ohc=4K67r7pyZ80AX-kxEnA&edm=AOQ1c0wBAAAA&ccb=7-5&oh=00_AfBroTgPk8qHqx3fpRxx99qO_ozPAXe4BySIllXmnzuyVQ&oe=656FFD61&_nc_sid=8b3546,https://www.dunkinksa.com,big,Mid-Range,https://www.instagram.com/dunkindonutsksa,"""food and beverage outlets""","[""Coffee Shops and Tea Houses"", ""Donut Shop"", ""Sandwich Spot""]",Below Average,Open,"['""Monday, Tuesday, Wednesday, Thursday, Friday, Saturday, Sunday: 00:00 AM - +0:000 PM""']","[""Serve Sweets"", ""Delivery"", ""Offers Breakfast"", ""Dine In"", ""Group Friendly"", ""Takeout"", ""Offers Coffee""]","[""Wheelchair-Friendly Parking"", ""Wheelchair-Friendly Entrance""]","[""Supports Debit Card"", ""Supports Credit Card""]",,Riyadh,13442.0,RUKA6567,ChIJ_9pK8OX7Lj4RZOuvG31L9mI,23,RUKA6567,6567.0,,مطار الملك خالد,الرياض,13442.0,24.89000719,46.69337249,595b2ccd1c0b3450c940d7c9
15,Dunkin',دانكن,https://instagram.fruh2-1.fna.fbcdn.net/v/t51.2885-19/277659145_735017461011651_3433645854315472480_n.jpg?stp=dst-jpg_s320x320&_nc_ht=instagram.fruh2-1.fna.fbcdn.net&_nc_cat=103&_nc_ohc=4K67r7pyZ80AX-kxEnA&edm=AOQ1c0wBAAAA&ccb=7-5&oh=00_AfBroTgPk8qHqx3fpRxx99qO_ozPAXe4BySIllXmnzuyVQ&oe=656FFD61&_nc_sid=8b3546,https://www.dunkinksa.com,big,Mid-Range,https://www.instagram.com/dunkindonutsksa,"""food and beverage outlets""","[""Coffee Shops and Tea Houses"", ""Donut Shop"", ""Sandwich Spot""]",Very Good,Open,,"[""Serve Sweets"", ""Dine In"", ""Group Friendly"", ""Delivery"", ""Offers Coffee""]","[""Wheelchair-Friendly Parking"", ""Wheelchair-Friendly Seating"", ""Wheelchair-Friendly Entrance""]","[""Supports Credit Card""]",,Riyadh,13442.0,RUKB3131,ChIJ-XPpTSvxLj4RTTJcOD-2-eI,14,RUKB3131,3131.0,,مطار الملك خالد,الرياض,13442.0,24.91365774,46.68932019,0
15,Dunkin',دانكن,https://instagram.fruh2-1.fna.fbcdn.net/v/t51.2885-19/277659145_735017461011651_3433645854315472480_n.jpg?stp=dst-jpg_s320x320&_nc_ht=instagram.fruh2-1.fna.fbcdn.net&_nc_cat=103&_nc_ohc=4K67r7pyZ80AX-kxEnA&edm=AOQ1c0wBAAAA&ccb=7-5&oh=00_AfBroTgPk8qHqx3fpRxx99qO_ozPAXe4BySIllXmnzuyVQ&oe=656FFD61&_nc_sid=8b3546,https://www.dunkinksa.com,big,Mid-Range,https://www.instagram.com/dunkindonutsksa,"""food and beverage outlets""","[""Coffee Shops and Tea Houses"", ""Donut Shop"", ""Sandwich Spot""]",Exceptional,Open,"['""Monday, Tuesday, Wednesday, Thursday, Friday, Saturday, Sunday: 00:00 AM - +0:000 PM""']","[""Serve Sweets"", ""Delivery"", ""Dine In"", ""Group Friendly"", ""Takeout"", ""Kids Friendly"", ""Offers Coffee""]","[""Wheelchair-Friendly Parking"", ""Wheelchair-Friendly Entrance""]","[""Supports Credit Card""]",,Riyadh,13455.0,RUKB7447,ChIJF33DQQ_xLj4R3Ps8hXcJNbA,1,RUKB7447,7447.0,طريق المطار,مطار الملك خالد,الرياض,13455.0,24.9423415,46.71190097,57fa9286498e093d58a31bd1
15,Dunkin',دانكن,https://instagram.fruh2-1.fna.fbcdn.net/v/t51.2885-19/277659145_735017461011651_3433645854315472480_n.jpg?stp=dst-jpg_s320x320&_nc_ht=instagram.fruh2-1.fna.fbcdn.net&_nc_cat=103&_nc_ohc=4K67r7pyZ80AX-kxEnA&edm=AOQ1c0wBAAAA&ccb=7-5&oh=00_AfBroTgPk8qHqx3fpRxx99qO_ozPAXe4BySIllXmnzuyVQ&oe=656FFD61&_nc_sid=8b3546,https://www.dunkinksa.com,big,Mid-Range,https://www.instagram.com/dunkindonutsksa,"""food and beverage outlets""","[""Coffee Shops and Tea Houses"", ""Donut Shop"", ""Sandwich Spot""]",Below Average,Open,"['""Monday, Tuesday, Wednesday, Thursday, Friday, Saturday, Sunday: 06:00 AM - +0:000 PM""']","[""Serve Sweets"", ""Delivery"", ""Offers Breakfast"", ""Dine In"", ""Group Friendly"", ""Takeout"", ""Offers Coffee""]","[""Wheelchair-Friendly Seating""]","[""Supports Debit Card"", ""Supports Credit Card""]",,Riyadh,13479.0,RULA9786,ChIJ_941DuGNLj4R7LTT3PSg-O4,34,RULA9786,9786.0,طريق الجنادرية,حي الرمال,الرياض,13479.0,25.07470281,46.71280368,5c84b52b35f983002cd2a059
16,Kudu,كودو,https://instagram.fruh2-1.fna.fbcdn.net/v/t51.2885-19/384798165_1753911595127513_3798119256362742956_n.jpg?stp=dst-jpg_s320x320&_nc_ht=instagram.fruh2-1.fna.fbcdn.net&_nc_cat=1&_nc_ohc=GLGC9tM-FzYAX9szuPN&edm=AOQ1c0wBAAAA&ccb=7-5&oh=00_AfBacM3whgKr1S1_ETKvZRpb4MrB3ujivEgz8Q1BZfqzig&oe=6570AEF3&_nc_sid=8b3546,https://www.kudu.com.sa,big,Mid-Range,https://www.instagram.com/kuduksa,"""food and beverage outlets""","[""Sandwich Spot"", ""Coffee Shops and Tea Houses"", ""Burger Joint""]",No Rating,Open,,"[""Delivery"", ""Dine In"", ""Group Friendly"", ""Lunch Menu"", ""Takeout"", ""Kids Friendly""]","[""Wheelchair-Friendly Parking""]",,,Riyadh,19655.0,OMDB7536,ChIJjfsX_M0vLz4ROYhkamtyBrg,0,OMDB7536,7536.0,سلمان بن عبدالعزيز,حي نواره,المزاحمية,19655.0,24.46243038,46.3000247,0
16,Kudu,كودو,https://instagram.fruh2-1.fna.fbcdn.net/v/t51.2885-19/384798165_1753911595127513_3798119256362742956_n.jpg?stp=dst-jpg_s320x320&_nc_ht=instagram.fruh2-1.fna.fbcdn.net&_nc_cat=1&_nc_ohc=GLGC9tM-FzYAX9szuPN&edm=AOQ1c0wBAAAA&ccb=7-5&oh=00_AfBacM3whgKr1S1_ETKvZRpb4MrB3ujivEgz8Q1BZfqzig&oe=6570AEF3&_nc_sid=8b3546,https://www.kudu.com.sa,big,Mid-Range,https://www.instagram.com/kuduksa,"""food and beverage outlets""","[""Sandwich Spot"", ""Coffee Shops and Tea Houses"", ""Burger Joint""]",Exceptional,Open,,"[""Toilet"", ""Delivery"", ""Kids Menu"", ""Dine In"", ""Lunch Menu"", ""Group Friendly"", ""Takeout"", ""Kids Friendly"", ""Offers Coffee""]",,"[""Supports Credit Card""]",,Riyadh,12982.0,RBBC2329,ChIJrXfTZfYbLz4R0YUrJZPq_AA,6,RBBC2329,2329.0,المدينه المنوره,حي ظهرة البديعة,الرياض,12982.0,24.59020976,46.62753237,0
16,Kudu,كودو,https://instagram.fruh2-1.fna.fbcdn.net/v/t51.2885-19/384798165_1753911595127513_3798119256362742956_n.jpg?stp=dst-jpg_s320x320&_nc_ht=instagram.fruh2-1.fna.fbcdn.net&_nc_cat=1&_nc_ohc=GLGC9tM-FzYAX9szuPN&edm=AOQ1c0wBAAAA&ccb=7-5&oh=00_AfBacM3whgKr1S1_ETKvZRpb4MrB3ujivEgz8Q1BZfqzig&oe=6570AEF3&_nc_sid=8b3546,https://www.kudu.com.sa,big,Mid-Range,https://www.instagram.com/kuduksa,"""food and beverage outlets""","[""Sandwich Spot"", ""Coffee Shops and Tea Houses"", ""Burger Joint""]",Good,Open,"['""Monday, Tuesday, Wednesday, Thursday, Saturday, Sunday: 06:30 AM - 23:59 PM""', '""Friday: 13:00 AM - 23:59 PM""']","[""Serve Sweets"", ""Toilet"", ""Delivery"", ""Kids Menu"", ""Offers Breakfast"", ""Dine In"", ""Lunch Menu"", ""Group Friendly"", ""Takeout"", ""Kids Friendly"", ""Offers Coffee""]","[""Wheelchair-Friendly Parking"", ""Wheelchair-Friendly Toilet""]","[""Supports Credit Card""]",,Riyadh,12913.0,RIHA2461,ChIJP3SiX8YdLz4RHZOEAxlJs-g,69,RIHA2461,2461.0,طريق مكة المكرمة,حي الهدا,الرياض,12913.0,24.66604125,46.62125231,5ecf7467ece8810008ead0aa
16,Kudu,كودو,https://instagram.fruh2-1.fna.fbcdn.net/v/t51.2885-19/384798165_1753911595127513_3798119256362742956_n.jpg?stp=dst-jpg_s320x320&_nc_ht=instagram.fruh2-1.fna.fbcdn.net&_nc_cat=1&_nc_ohc=GLGC9tM-FzYAX9szuPN&edm=AOQ1c0wBAAAA&ccb=7-5&oh=00_AfBacM3whgKr1S1_ETKvZRpb4MrB3ujivEgz8Q1BZfqzig&oe=6570AEF3&_nc_sid=8b3546,https://www.kudu.com.sa,big,Mid-Range,https://www.instagram.com/kuduksa,"""food and beverage outlets""","[""Sandwich Spot"", ""Coffee Shops and Tea Houses"", ""Burger Joint""]",Good,Open,,"[""Serve Sweets"", ""Toilet"", ""Offers Brunch"", ""Delivery"", ""Kids Menu"", ""Offers Breakfast"", ""Pickup"", ""Dine In"", ""Lunch Menu"", ""Takeout"", ""Kids Friendly""]","[""Wheelchair-Friendly Parking"", ""Wheelchair-Friendly Toilet""]","[""Supports Credit Card""]",+966 9200 06999,Riyadh,12411.0,RHAB4016,ChIJjaklQ5gDLz4Rzr2p0D1exS8,8,RHAB4016,4016.0,مكة المكرمة الفرعي,حي الملك عبدالعزيز,الرياض,12411.0,24.69891733,46.7362958,0
16,Kudu,كودو,https://instagram.fruh2-1.fna.fbcdn.net/v/t51.2885-19/384798165_1753911595127513_3798119256362742956_n.jpg?stp=dst-jpg_s320x320&_nc_ht=instagram.fruh2-1.fna.fbcdn.net&_nc_cat=1&_nc_ohc=GLGC9tM-FzYAX9szuPN&edm=AOQ1c0wBAAAA&ccb=7-5&oh=00_AfBacM3whgKr1S1_ETKvZRpb4MrB3ujivEgz8Q1BZfqzig&oe=6570AEF3&_nc_sid=8b3546,https://www.kudu.com.sa,big,Mid-Range,https://www.instagram.com/kuduksa,"""food and beverage outlets""","[""Sandwich Spot"", ""Coffee Shops and Tea Houses"", ""Burger Joint""]",Unacceptable,Close,,"[""Takeout"", ""Dine In"", ""Kids Friendly""]",,,,Riyadh,12362.0,RGHB4034,ChIJFzbPbhcdLz4RE7_ggwQ70jI,1,RGHB4034,4034.0,الملك عبدالله ابن عبدالعزيز سعود الفرعي,حي المحمدية,الرياض,12362.0,24.72404038,46.65356099,0
16,Kudu,كودو,https://instagram.fruh2-1.fna.fbcdn.net/v/t51.2885-19/384798165_1753911595127513_3798119256362742956_n.jpg?stp=dst-jpg_s320x320&_nc_ht=instagram.fruh2-1.fna.fbcdn.net&_nc_cat=1&_nc_ohc=GLGC9tM-FzYAX9szuPN&edm=AOQ1c0wBAAAA&ccb=7-5&oh=00_AfBacM3whgKr1S1_ETKvZRpb4MrB3ujivEgz8Q1BZfqzig&oe=6570AEF3&_nc_sid=8b3546,https://www.kudu.com.sa,big,Mid-Range,https://www.instagram.com/kuduksa,"""food and beverage outlets""","[""Sandwich Spot"", ""Coffee Shops and Tea Houses"", ""Burger Joint""]",Average,Open,"['""Monday, Tuesday, Wednesday, Thursday, Friday, Saturday, Sunday: 00:00 AM - +0:000 PM""']","[""Delivery"", ""Dine In"", ""Group Friendly"", ""Lunch Menu"", ""Takeout"", ""Kids Friendly""]",,,,Riyadh,13231.0,RFMA7610,ChIJGYMluXWrLz4RtmlA283OEJ0,33,RFMA7610,7610.0,الكواكب,حي المعيزلة,الرياض,13231.0,24.77954646,46.83150386,605395ddafff524f93c01e42
16,Kudu,كودو,https://instagram.fruh2-1.fna.fbcdn.net/v/t51.2885-19/384798165_1753911595127513_3798119256362742956_n.jpg?stp=dst-jpg_s320x320&_nc_ht=instagram.fruh2-1.fna.fbcdn.net&_nc_cat=1&_nc_ohc=GLGC9tM-FzYAX9szuPN&edm=AOQ1c0wBAAAA&ccb=7-5&oh=00_AfBacM3whgKr1S1_ETKvZRpb4MrB3ujivEgz8Q1BZfqzig&oe=6570AEF3&_nc_sid=8b3546,https://www.kudu.com.sa,big,Mid-Range,https://www.instagram.com/kuduksa,"""food and beverage outlets""","[""Sandwich Spot"", ""Coffee Shops and Tea Houses"", ""Burger Joint""]",Average,Open,,"[""Offers Brunch"", ""Delivery"", ""Kids Menu"", ""Offers Breakfast"", ""Dine In"", ""Group Friendly"", ""Lunch Menu"", ""Takeout"", ""Kids Friendly""]",,"[""Supports Credit Card""]",+966 9200 06999,Riyadh,13234.0,RFMB7256,ChIJO6rjQLWrLz4RrHp1fBCmRPk,5,RFMB7256,7256.0,الجنادرية الفرعي,حي المعيزلة,الرياض,13234.0,24.79866077,46.85655354,0
16,Kudu,كودو,https://instagram.fruh2-1.fna.fbcdn.net/v/t51.2885-19/384798165_1753911595127513_3798119256362742956_n.jpg?stp=dst-jpg_s320x320&_nc_ht=instagram.fruh2-1.fna.fbcdn.net&_nc_cat=1&_nc_ohc=GLGC9tM-FzYAX9szuPN&edm=AOQ1c0wBAAAA&ccb=7-5&oh=00_AfBacM3whgKr1S1_ETKvZRpb4MrB3ujivEgz8Q1BZfqzig&oe=6570AEF3&_nc_sid=8b3546,https://www.kudu.com.sa,big,Mid-Range,https://www.instagram.com/kuduksa,"""food and beverage outlets""","[""Sandwich Spot"", ""Coffee Shops and Tea Houses"", ""Burger Joint""]",Exceptional,Open,"['""Monday, Tuesday, Wednesday, Thursday, Friday, Saturday, Sunday: 15:30 AM - 23:30 PM""']","[""Serve Sweets"", ""Toilet"", ""Delivery"", ""Kids Menu"", ""Offers Breakfast"", ""Dine In"", ""Lunch Menu"", ""Group Friendly"", ""Takeout"", ""Kids Friendly"", ""Offers Coffee""]","[""Wheelchair-Friendly Parking"", ""Wheelchair-Friendly Entrance"", ""Wheelchair-Friendly Toilet""]","[""Supports Credit Card""]",,Riyadh,13248.0,RUQB7171,ChIJkxdVhsb9Lj4Rm4zo8_pGCVg,3,RUQB7171,7171.0,سعيد بن زيد,حي قرطبة,الرياض,13248.0,24.82720938,46.72817444,61ddc19e5d9eff066e304eae
16,Kudu,كودو,https://instagram.fruh2-1.fna.fbcdn.net/v/t51.2885-19/384798165_1753911595127513_3798119256362742956_n.jpg?stp=dst-jpg_s320x320&_nc_ht=instagram.fruh2-1.fna.fbcdn.net&_nc_cat=1&_nc_ohc=GLGC9tM-FzYAX9szuPN&edm=AOQ1c0wBAAAA&ccb=7-5&oh=00_AfBacM3whgKr1S1_ETKvZRpb4MrB3ujivEgz8Q1BZfqzig&oe=6570AEF3&_nc_sid=8b3546,https://www.kudu.com.sa,big,Mid-Range,https://www.instagram.com/kuduksa,"""food and beverage outlets""","[""Sandwich Spot"", ""Coffee Shops and Tea Houses"", ""Burger Joint""]",Exceptional,Open,"['""Monday, Tuesday, Wednesday, Thursday, Friday, Saturday, Sunday: 15:30 AM - 23:30 PM""']","[""Serve Sweets"", ""Toilet"", ""Delivery"", ""Kids Menu"", ""Offers Breakfast"", ""Dine In"", ""Lunch Menu"", ""Group Friendly"", ""Takeout"", ""Kids Friendly"", ""Offers Coffee""]","[""Wheelchair-Friendly Parking"", ""Wheelchair-Friendly Entrance"", ""Wheelchair-Friendly Toilet""]","[""Supports Credit Card""]",,Riyadh,13248.0,RUQB7171,ChIJrVgg2j39Lj4Ruw5sFLwPml0,111,RUQB7171,7171.0,سعيد بن زيد,حي قرطبة,الرياض,13248.0,24.82720938,46.72817444,61ddc19e5d9eff066e304eae
16,Kudu,كودو,https://instagram.fruh2-1.fna.fbcdn.net/v/t51.2885-19/384798165_1753911595127513_3798119256362742956_n.jpg?stp=dst-jpg_s320x320&_nc_ht=instagram.fruh2-1.fna.fbcdn.net&_nc_cat=1&_nc_ohc=GLGC9tM-FzYAX9szuPN&edm=AOQ1c0wBAAAA&ccb=7-5&oh=00_AfBacM3whgKr1S1_ETKvZRpb4MrB3ujivEgz8Q1BZfqzig&oe=6570AEF3&_nc_sid=8b3546,https://www.kudu.com.sa,big,Mid-Range,https://www.instagram.com/kuduksa,"""food and beverage outlets""","[""Sandwich Spot"", ""Coffee Shops and Tea Houses"", ""Burger Joint""]",No Rating,Open,,"[""Takeout"", ""Dine In"", ""Kids Friendly"", ""Delivery""]",,,,Riyadh,13264.0,RURB2744,ChIJfY4aSMZVLj4RekJ4oVHP4fY,0,RURB2744,2744.0,الدمام الفرعي,حي الرمال,الرياض,13264.0,24.83579272,46.83336979,0
17,Mcdonald's,ماكدونالدز,https://instagram.fruh2-2.fna.fbcdn.net/v/t51.2885-19/334664283_983777379697548_2566288517126797117_n.jpg?stp=dst-jpg_s320x320&_nc_ht=instagram.fruh2-2.fna.fbcdn.net&_nc_cat=100&_nc_ohc=xzvUjkfg8vUAX_DiTab&edm=AOQ1c0wBAAAA&ccb=7-5&oh=00_AfCtKOA3hG_2sX5FxGCy5iH1FJ3KNEZ2_q9UzrDqDTP0_w&oe=6570A5BC&_nc_sid=8b3546,https://www.mcdonalds.com/sa/ar-sa/riyadh.html,big,Mid-Range,https://www.instagram.com/mcdonaldsksa,"""food and beverage outlets""","[""Burger Joint"", ""Snack Place"", ""Potato Station""]",Exceptional,Open,,,,,,Riyadh,14928.0,RKWA3092,ChIJaaVTCXcZLz4RqWKhnjWynbA,1,RKWA3092,3092.0,نجم الدين الايوبي,حي طويق,الرياض,14928.0,24.554885,46.54495714,0
17,Mcdonald's,ماكدونالدز,https://instagram.fruh2-2.fna.fbcdn.net/v/t51.2885-19/334664283_983777379697548_2566288517126797117_n.jpg?stp=dst-jpg_s320x320&_nc_ht=instagram.fruh2-2.fna.fbcdn.net&_nc_cat=100&_nc_ohc=xzvUjkfg8vUAX_DiTab&edm=AOQ1c0wBAAAA&ccb=7-5&oh=00_AfCtKOA3hG_2sX5FxGCy5iH1FJ3KNEZ2_q9UzrDqDTP0_w&oe=6570A5BC&_nc_sid=8b3546,https://www.mcdonalds.com/sa/ar-sa/riyadh.html,big,Mid-Range,https://www.instagram.com/mcdonaldsksa,"""food and beverage outlets""","[""Burger Joint"", ""Snack Place"", ""Potato Station""]",No Rating,Open,,,,,,Riyadh,12251.0,RHWA6374,ChIJDXypIUUDLz4RvTObqFrDyKY,0,RHWA6374,6374.0,المهندس مساعد العنقري,حي الورود,الرياض,12251.0,24.71679494,46.68140858,0
17,Mcdonald's,ماكدونالدز,https://instagram.fruh2-2.fna.fbcdn.net/v/t51.2885-19/334664283_983777379697548_2566288517126797117_n.jpg?stp=dst-jpg_s320x320&_nc_ht=instagram.fruh2-2.fna.fbcdn.net&_nc_cat=100&_nc_ohc=xzvUjkfg8vUAX_DiTab&edm=AOQ1c0wBAAAA&ccb=7-5&oh=00_AfCtKOA3hG_2sX5FxGCy5iH1FJ3KNEZ2_q9UzrDqDTP0_w&oe=6570A5BC&_nc_sid=8b3546,https://www.mcdonalds.com/sa/ar-sa/riyadh.html,big,Mid-Range,https://www.instagram.com/mcdonaldsksa,"""food and beverage outlets""","[""Burger Joint"", ""Snack Place"", ""Potato Station""]",Average,Close,,"[""Takeout"", ""Dine In"", ""Kids Friendly""]",,,+966 55 266 9710,Riyadh,14231.0,RQNC7369,ChIJic3ox98BLz4RxZp5O6hT5_k,4,RQNC7369,7369.0,عبدالله بن بصيلة,حي النسيم الغربي,الرياض,14231.0,24.73768055,46.80716333,0
17,Mcdonald's,ماكدونالدز,https://instagram.fruh2-2.fna.fbcdn.net/v/t51.2885-19/334664283_983777379697548_2566288517126797117_n.jpg?stp=dst-jpg_s320x320&_nc_ht=instagram.fruh2-2.fna.fbcdn.net&_nc_cat=100&_nc_ohc=xzvUjkfg8vUAX_DiTab&edm=AOQ1c0wBAAAA&ccb=7-5&oh=00_AfCtKOA3hG_2sX5FxGCy5iH1FJ3KNEZ2_q9UzrDqDTP0_w&oe=6570A5BC&_nc_sid=8b3546,https://www.mcdonalds.com/sa/ar-sa/riyadh.html,big,Mid-Range,https://www.instagram.com/mcdonaldsksa,"""food and beverage outlets""","[""Burger Joint"", ""Snack Place"", ""Potato Station""]",Good,Close,"['""Monday: 10:00 AM - 11:00 PM""', '""Tuesday: 11:00 AM - 12:00 PM""', '""Wednesday: 10:00 AM - 12:00 PM""', '""Thursday: 10:00 AM - 15:00 PM""', '""Friday: 09:00 AM - 10:00 PM""', '""Saturday: 10:00 AM - 23:00 PM""', '""Sunday: 11:00 AM - 12:00 PM""']","[""Serve Sweets"", ""Delivery"", ""Kids Menu"", ""Offers Breakfast"", ""Dine In"", ""Lunch Menu"", ""Takeout"", ""Kids Friendly"", ""Offers Coffee""]","[""Wheelchair-Friendly Seating"", ""Wheelchair-Friendly Entrance""]","[""Supports NFC"", ""Supports Debit Card"", ""Supports Credit Card""]",+966 800 121 2345,Riyadh,13312.0,RALA6137,ChIJU8oNk9LiLj4RbCCdvoQc6gU,184,RALA6137,6137.0,الملك عبدالعزيز ابن عبدالرحمن سعود الفرعي,حي النفل,الرياض,13312.0,24.77169672,46.66899327,54cb6228498ed74155aa6871
17,Mcdonald's,ماكدونالدز,https://instagram.fruh2-2.fna.fbcdn.net/v/t51.2885-19/334664283_983777379697548_2566288517126797117_n.jpg?stp=dst-jpg_s320x320&_nc_ht=instagram.fruh2-2.fna.fbcdn.net&_nc_cat=100&_nc_ohc=xzvUjkfg8vUAX_DiTab&edm=AOQ1c0wBAAAA&ccb=7-5&oh=00_AfCtKOA3hG_2sX5FxGCy5iH1FJ3KNEZ2_q9UzrDqDTP0_w&oe=6570A5BC&_nc_sid=8b3546,https://www.mcdonalds.com/sa/ar-sa/riyadh.html,big,Mid-Range,https://www.instagram.com/mcdonaldsksa,"""food and beverage outlets""","[""Burger Joint"", ""Snack Place"", ""Potato Station""]",Exceptional,Open,,"[""Serve Sweets"", ""Toilet"", ""Delivery"", ""Kids Menu"", ""Dine In"", ""Lunch Menu"", ""Group Friendly"", ""Takeout"", ""Kids Friendly"", ""Offers Coffee""]","[""Wheelchair-Friendly Parking"", ""Wheelchair-Friendly Entrance""]","[""Supports Credit Card""]",,Riyadh,13613.0,RTJA3046,ChIJRxSnaOJVLj4R605jAG4lmUM,5,RTJA3046,3046.0,الشرق,حي الجنادرية,الرياض,13613.0,24.8330212,46.88341448,0
17,Mcdonald's,ماكدونالدز,https://instagram.fruh2-2.fna.fbcdn.net/v/t51.2885-19/334664283_983777379697548_2566288517126797117_n.jpg?stp=dst-jpg_s320x320&_nc_ht=instagram.fruh2-2.fna.fbcdn.net&_nc_cat=100&_nc_ohc=xzvUjkfg8vUAX_DiTab&edm=AOQ1c0wBAAAA&ccb=7-5&oh=00_AfCtKOA3hG_2sX5FxGCy5iH1FJ3KNEZ2_q9UzrDqDTP0_w&oe=6570A5BC&_nc_sid=8b3546,https://www.mcdonalds.com/sa/ar-sa/riyadh.html,big,Mid-Range,https://www.instagram.com/mcdonaldsksa,"""food and beverage outlets""","[""Burger Joint"", ""Snack Place"", ""Potato Station""]",No Rating,Open,,"[""Serve Sweets"", ""Toilet"", ""Delivery"", ""Kids Menu"", ""Dine In"", ""Lunch Menu"", ""Group Friendly"", ""Takeout"", ""Kids Friendly"", ""Offers Coffee""]","[""Wheelchair-Friendly Parking"", ""Wheelchair-Friendly Entrance""]","[""Supports Credit Card""]",,Riyadh,13613.0,RTJA3046,ChIJg9eAx-FVLj4RkQCY9hHRny4,0,RTJA3046,3046.0,الشرق,حي الجنادرية,الرياض,13613.0,24.8330212,46.88341448,0
17,Mcdonald's,ماكدونالدز,https://instagram.fruh2-2.fna.fbcdn.net/v/t51.2885-19/334664283_983777379697548_2566288517126797117_n.jpg?stp=dst-jpg_s320x320&_nc_ht=instagram.fruh2-2.fna.fbcdn.net&_nc_cat=100&_nc_ohc=xzvUjkfg8vUAX_DiTab&edm=AOQ1c0wBAAAA&ccb=7-5&oh=00_AfCtKOA3hG_2sX5FxGCy5iH1FJ3KNEZ2_q9UzrDqDTP0_w&oe=6570A5BC&_nc_sid=8b3546,https://www.mcdonalds.com/sa/ar-sa/riyadh.html,big,Mid-Range,https://www.instagram.com/mcdonaldsksa,"""food and beverage outlets""","[""Burger Joint"", ""Snack Place"", ""Potato Station""]",Exceptional,Open,,"[""Delivery"", ""Dine In"", ""Group Friendly"", ""Lunch Menu"", ""Takeout"", ""Kids Friendly""]","[""Wheelchair-Friendly Parking""]","[""Supports Credit Card""]",,Riyadh,13619.0,RTBA3448,ChIJFZc9skhVLj4ROWbKvOemClY,1,RTBA3448,3448.0,مالك بن الدخشم الخزرجي,حي البيان,الرياض,13619.0,24.88600083,46.85728617,0
18,Barn's,بارنز,https://instagram.fruh2-1.fna.fbcdn.net/v/t51.2885-19/313296131_193705846559638_1126192565529207689_n.jpg?stp=dst-jpg_s320x320&_nc_ht=instagram.fruh2-1.fna.fbcdn.net&_nc_cat=110&_nc_ohc=qPqXN6AjYzsAX9dZSUR&edm=AOQ1c0wBAAAA&ccb=7-5&oh=00_AfBYcCl_CsFS5Kf8NSTxDG8jzxorv5IMBFciUmT1XEMVXA&oe=65716870&_nc_sid=8b3546,https://barns.com.sa,big,Mid-Range,https://www.instagram.com/barnscoffee,"""food and beverage outlets""","[""Coffee Shops and Tea Houses"", ""Dessert Shop"", ""Sandwich Spot"", ""Snack Place""]",Good,Open,"['""Monday, Tuesday, Wednesday, Thursday, Saturday, Sunday: 07:00 AM - +0:100 PM""', '""Friday: 12:30 AM - +0:100 PM""']","[""Delivery"", ""Offers Breakfast"", ""Dine In"", ""Takeout"", ""Offers Coffee""]",,"[""Supports NFC"", ""Supports Debit Card""]",+966 9200 06843,Riyadh,12982.0,RBBD6664,ChIJGcMFg_UbLz4RJcIVBhN--HM,10,RBBD6664,6664.0,الشيخ عمر بن عبداللطيف بن عبدالرحمن,حي ظهرة البديعة,الرياض,12982.0,24.58652448,46.63943894,51953192498ec406e3028810
18,Barn's,بارنز,https://instagram.fruh2-1.fna.fbcdn.net/v/t51.2885-19/313296131_193705846559638_1126192565529207689_n.jpg?stp=dst-jpg_s320x320&_nc_ht=instagram.fruh2-1.fna.fbcdn.net&_nc_cat=110&_nc_ohc=qPqXN6AjYzsAX9dZSUR&edm=AOQ1c0wBAAAA&ccb=7-5&oh=00_AfBYcCl_CsFS5Kf8NSTxDG8jzxorv5IMBFciUmT1XEMVXA&oe=65716870&_nc_sid=8b3546,https://barns.com.sa,big,Mid-Range,https://www.instagram.com/barnscoffee,"""food and beverage outlets""","[""Coffee Shops and Tea Houses"", ""Dessert Shop"", ""Sandwich Spot"", ""Snack Place""]",Average,Open,,"[""Serve Sweets"", ""Delivery"", ""Offers Breakfast"", ""Pickup"", ""Takeout"", ""Offers Coffee""]",,"[""Supports NFC"", ""Supports Debit Card"", ""Supports Credit Card""]",+966 9200 06843,Riyadh,14511.0,RMAA7643,ChIJmTl1VCYJLz4RYjS4lIHfnVQ,4,RMAA7643,7643.0,العزيزية الفرعي,حي العزيزية,الرياض,14511.0,24.60216351,46.77001829,0
18,Barn's,بارنز,https://instagram.fruh2-1.fna.fbcdn.net/v/t51.2885-19/313296131_193705846559638_1126192565529207689_n.jpg?stp=dst-jpg_s320x320&_nc_ht=instagram.fruh2-1.fna.fbcdn.net&_nc_cat=110&_nc_ohc=qPqXN6AjYzsAX9dZSUR&edm=AOQ1c0wBAAAA&ccb=7-5&oh=00_AfBYcCl_CsFS5Kf8NSTxDG8jzxorv5IMBFciUmT1XEMVXA&oe=65716870&_nc_sid=8b3546,https://barns.com.sa,big,Mid-Range,https://www.instagram.com/barnscoffee,"""food and beverage outlets""","[""Coffee Shops and Tea Houses"", ""Dessert Shop"", ""Sandwich Spot"", ""Snack Place""]",Very Good,Open,,"[""Delivery"", ""Offers Coffee""]",,,,Riyadh,13756.0,RDMB2807,ChIJrdptsDshLz4RFEsnGPiqRiE,6,RDMB2807,2807.0,السيل الكبير,حي المهدية,الرياض,13756.0,24.65289792,46.5086191,0
18,Barn's,بارنز,https://instagram.fruh2-1.fna.fbcdn.net/v/t51.2885-19/313296131_193705846559638_1126192565529207689_n.jpg?stp=dst-jpg_s320x320&_nc_ht=instagram.fruh2-1.fna.fbcdn.net&_nc_cat=110&_nc_ohc=qPqXN6AjYzsAX9dZSUR&edm=AOQ1c0wBAAAA&ccb=7-5&oh=00_AfBYcCl_CsFS5Kf8NSTxDG8jzxorv5IMBFciUmT1XEMVXA&oe=65716870&_nc_sid=8b3546,https://barns.com.sa,big,Mid-Range,https://www.instagram.com/barnscoffee,"""food and beverage outlets""","[""Coffee Shops and Tea Houses"", ""Dessert Shop"", ""Sandwich Spot"", ""Snack Place""]",Below Average,Open,,"[""Offers Coffee""]",,,,Riyadh,12543.0,RYIB3433,ChIJrxZCD0sfLz4REFqB-_wTtQo,4,RYIB3433,3433.0,الأمير مشعل بن عبد العزيز,عرقة,الرياض,12543.0,24.68516441,46.57615543,0
64,I’m Hungry,أي أم هنجري,https://instagram.fruh2-1.fna.fbcdn.net/v/t51.2885-19/381298474_1022130805906683_4331131951382630414_n.jpg?stp=dst-jpg_s320x320&_nc_ht=instagram.fruh2-1.fna.fbcdn.net&_nc_cat=103&_nc_ohc=CMBjOLKCDCEAX-QlATn&edm=AOQ1c0wBAAAA&ccb=7-5&oh=00_AfAhS0_XuANUPMM0bZH6LWdZKX2YOQi7MgPCExcNk7qdeg&oe=657011BF&_nc_sid=8b3546,https://imhungry.sa,medium,Mid-Range,https://www.instagram.com/imhungryksa,"""food and beverage outlets""","[""Burger Joint"", ""Snack Place""]",Average,Open,"['""Monday, Tuesday, Wednesday, Thursday, Friday, Saturday, Sunday: 09:00 AM - +0:900 PM""']","[""Takeout"", ""Dine In"", ""Kids Friendly"", ""Delivery""]",,,,Riyadh,13334.0,RRDC7025,ChIJRUI2dE7lLj4RtghfgBlUmhg,10,RRDC7025,7025.0,الملك فهد,حي العارض,الرياض,13334.0,24.85133864,46.60284334,626afe33f106774802d0de85
110,Mamma Bunz Cafe,ماما بنز كافيه,https://instagram.fruh2-2.fna.fbcdn.net/v/t51.2885-19/308641047_5373667682750812_778294495676924645_n.jpg?stp=dst-jpg_s320x320&_nc_ht=instagram.fruh2-2.fna.fbcdn.net&_nc_cat=104&_nc_ohc=se7XvvhNEXAAX9qLqMA&edm=AOQ1c0wBAAAA&ccb=7-5&oh=00_AfC86NLtb3-GfD0zx8sstbIhhNrnaKW5dRqHHV963YvMXw&oe=656F8686&_nc_sid=8b3546,https://mammabunzcafe.com,big,Mid-Range,https://www.instagram.com/mammabunzcafesa,"""food and beverage outlets""","[""Coffee Shops and Tea Houses"", ""Dessert Shop"", ""Pastries Shop""]",Exceptional,Close,,"[""Serve Sweets"", ""Offers Brunch"", ""Delivery"", ""Offers Breakfast"", ""Dine In"", ""Takeout"", ""Kids Friendly"", ""Offers Coffee""]",,"[""Supports Credit Card""]",+966 9200 23545,Riyadh,13251.0,RFYA2623,ChIJee5Womn_Lj4Rmt3uoNdMR80,122,RFYA2623,2623.0,الدمام الفرعي,حي اليرموك,الرياض,13251.0,24.81711881,46.78225058,0
110,Mamma Bunz Cafe,ماما بنز كافيه,https://instagram.fruh2-2.fna.fbcdn.net/v/t51.2885-19/308641047_5373667682750812_778294495676924645_n.jpg?stp=dst-jpg_s320x320&_nc_ht=instagram.fruh2-2.fna.fbcdn.net&_nc_cat=104&_nc_ohc=se7XvvhNEXAAX9qLqMA&edm=AOQ1c0wBAAAA&ccb=7-5&oh=00_AfC86NLtb3-GfD0zx8sstbIhhNrnaKW5dRqHHV963YvMXw&oe=656F8686&_nc_sid=8b3546,https://mammabunzcafe.com,big,Mid-Range,https://www.instagram.com/mammabunzcafesa,"""food and beverage outlets""","[""Coffee Shops and Tea Houses"", ""Dessert Shop"", ""Pastries Shop""]",Very Good,Close,"['""Monday, Tuesday, Wednesday, Thursday, Friday, Saturday, Sunday: 00:00 AM - +0:000 PM""']","[""Serve Sweets"", ""Toilet"", ""Delivery"", ""Dine In"", ""Group Friendly"", ""Takeout"", ""Kids Friendly"", ""Offers Coffee""]","[""Wheelchair-Friendly Parking"", ""Wheelchair-Friendly Seating"", ""Wheelchair-Friendly Entrance"", ""Wheelchair-Friendly Toilet""]",,+966 9200 23545,Riyadh,13458.0,RUKB7273,ChIJDRpAZ4HxLj4RZZwI6harM3Y,7,RUKB7273,7273.0,المطار,مطار الملك خالد,الرياض,13458.0,24.96109452,46.70237286,52663097498eb132887a8cf1
116,Patchi,باتشي,https://instagram.fruh2-1.fna.fbcdn.net/v/t51.2885-19/244135016_839943403389173_512590944112670312_n.jpg?stp=dst-jpg_s320x320&_nc_ht=instagram.fruh2-1.fna.fbcdn.net&_nc_cat=1&_nc_ohc=ywmi8Oqri3AAX8Uim6t&edm=AOQ1c0wBAAAA&ccb=7-5&oh=00_AfAV8-mY02PKD5Hjb5XfgqGppKivp61VsUYk6vcFgmECNA&oe=65708AB2&_nc_sid=8b3546,https://patchi.com,big,Premium,https://www.instagram.com/patchi.ksa,"""food and beverage outlets""","[""Chocolate Boutique""]",Very Good,Close,,,,,,Riyadh,13242.0,RFGB2689,ChIJL65B2679Lj4Rrcv6APEtSck,3,RFGB2689,2689.0,الدمام الفرعي,حي غرناطة,الرياض,13242.0,24.80247239,46.74738037,0
126,Cafe Bateel,بتيل,https://instagram.fruh2-2.fna.fbcdn.net/v/t51.2885-19/290821773_129618966423353_2131217213202689996_n.jpg?stp=dst-jpg_s320x320&_nc_ht=instagram.fruh2-2.fna.fbcdn.net&_nc_cat=105&_nc_ohc=qeuEZaeDTTUAX919kM3&edm=AOQ1c0wBAAAA&ccb=7-5&oh=00_AfALKSr2Y2jIfP6uKnEn3s24ZsVB_WSAkn6U_U8Vw0eRow&oe=65702910&_nc_sid=8b3546,https://bateel.com,medium,Premium,https://www.instagram.com/cafe.bateel,"""food and beverage outlets""","[""Chocolate Boutique"", ""Dessert Shop"", ""Coffee Shops and Tea Houses""]",Exceptional,Close,"['""Monday, Tuesday, Wednesday, Thursday, Friday, Saturday, Sunday: 07:00 AM - +0:000 PM""']","[""Serve Sweets"", ""Livemusic"", ""Toilet"", ""Offers Brunch"", ""Delivery"", ""Outdoorseating"", ""Offers Breakfast"", ""Dine In"", ""Lunch Menu"", ""Takeout"", ""Kids Friendly"", ""Offers Coffee""]","[""Wheelchair-Friendly Entrance""]",[Accepts Cashonly],+966 800 111 0222,Riyadh,13511.0,RRAB2886,ChIJw6LuafLjLj4R1gNHxblaFxU,3066,RRAB2886,2886.0,الدائرى الشمالى الفرعي,حي العقيق,الرياض,13511.0,24.75641472,46.62976826,5cf8bc61e1f228002c947b55
134,Mezaj Magribi,مزاج مغربي,https://instagram.fruh2-2.fna.fbcdn.net/v/t51.2885-19/183650189_471591847285520_7521953580082314660_n.jpg?stp=dst-jpg_s320x320&_nc_ht=instagram.fruh2-2.fna.fbcdn.net&_nc_cat=108&_nc_ohc=19HVBRmEu_gAX99DsDd&edm=AOQ1c0wBAAAA&ccb=7-5&oh=00_AfC8JYa-I24Naz0UDhhp_7IVaSF_t0d82shq8vymZ3fU1A&oe=65702176&_nc_sid=8b3546,,big,Mid-Range,https://www.instagram.com/mezaj_magribi,"""food and beverage outlets""","[""Coffee Shops and Tea Houses"", ""Dessert Shop""]",Exceptional,Open,,"[""Delivery"", ""Dine In"", ""Offers Coffee""]",,,,Riyadh,12564.0,RDLC2783,ChIJX01YsGMfLz4R0oM1PMasKyE,18,RDLC2783,2783.0,الطائف,حي ظهرة لبن,الرياض,12564.0,24.65330516,46.57378597,0
134,Mezaj Magribi,مزاج مغربي,https://instagram.fruh2-2.fna.fbcdn.net/v/t51.2885-19/183650189_471591847285520_7521953580082314660_n.jpg?stp=dst-jpg_s320x320&_nc_ht=instagram.fruh2-2.fna.fbcdn.net&_nc_cat=108&_nc_ohc=19HVBRmEu_gAX99DsDd&edm=AOQ1c0wBAAAA&ccb=7-5&oh=00_AfC8JYa-I24Naz0UDhhp_7IVaSF_t0d82shq8vymZ3fU1A&oe=65702176&_nc_sid=8b3546,,big,Mid-Range,https://www.instagram.com/mezaj_magribi,"""food and beverage outlets""","[""Coffee Shops and Tea Houses"", ""Dessert Shop""]",Very Good,Open,,"[""Delivery"", ""Offers Coffee""]",,,,Riyadh,12822.0,RERA7954,ChIJn04vuQsBLz4RMzsOauBVzxU,6,RERA7954,7954.0,الدائري الشرقي الفرعي,حي الربوة,الرياض,12822.0,24.70579833,46.76695467,0
134,Mezaj Magribi,مزاج مغربي,https://instagram.fruh2-2.fna.fbcdn.net/v/t51.2885-19/183650189_471591847285520_7521953580082314660_n.jpg?stp=dst-jpg_s320x320&_nc_ht=instagram.fruh2-2.fna.fbcdn.net&_nc_cat=108&_nc_ohc=19HVBRmEu_gAX99DsDd&edm=AOQ1c0wBAAAA&ccb=7-5&oh=00_AfC8JYa-I24Naz0UDhhp_7IVaSF_t0d82shq8vymZ3fU1A&oe=65702176&_nc_sid=8b3546,,big,Mid-Range,https://www.instagram.com/mezaj_magribi,"""food and beverage outlets""","[""Coffee Shops and Tea Houses"", ""Dessert Shop""]",Very Good,Open,"['""Monday, Tuesday, Wednesday, Thursday, Friday, Saturday, Sunday: 00:00 AM - +0:000 PM""']","[""Takeout"", ""Offers Coffee"", ""Delivery""]",,,,Riyadh,13216.0,RFHB7888,ChIJuRTGwfP_Lj4RumOrOWEtVF8,23,RFHB7888,7888.0,خالد بن الوليد,حي الحمراء,الرياض,13216.0,24.77678649,46.75153556,5fc4ff385bf2186b36b82c52
134,Mezaj Magribi,مزاج مغربي,https://instagram.fruh2-2.fna.fbcdn.net/v/t51.2885-19/183650189_471591847285520_7521953580082314660_n.jpg?stp=dst-jpg_s320x320&_nc_ht=instagram.fruh2-2.fna.fbcdn.net&_nc_cat=108&_nc_ohc=19HVBRmEu_gAX99DsDd&edm=AOQ1c0wBAAAA&ccb=7-5&oh=00_AfC8JYa-I24Naz0UDhhp_7IVaSF_t0d82shq8vymZ3fU1A&oe=65702176&_nc_sid=8b3546,,big,Mid-Range,https://www.instagram.com/mezaj_magribi,"""food and beverage outlets""","[""Coffee Shops and Tea Houses"", ""Dessert Shop""]",Exceptional,Open,,"[""Takeout"", ""Offers Coffee"", ""Delivery""]",,,,Riyadh,13241.0,RFDA8374,ChIJQxrIhZ39Lj4RQf2uk_3HBxA,11,RFDA8374,8374.0,شهيد الدين ثم الوطن محمد طريسان الشاطر,حي الشهداء,الرياض,13241.0,24.79755142,46.73560179,0
134,Mezaj Magribi,مزاج مغربي,https://instagram.fruh2-2.fna.fbcdn.net/v/t51.2885-19/183650189_471591847285520_7521953580082314660_n.jpg?stp=dst-jpg_s320x320&_nc_ht=instagram.fruh2-2.fna.fbcdn.net&_nc_cat=108&_nc_ohc=19HVBRmEu_gAX99DsDd&edm=AOQ1c0wBAAAA&ccb=7-5&oh=00_AfC8JYa-I24Naz0UDhhp_7IVaSF_t0d82shq8vymZ3fU1A&oe=65702176&_nc_sid=8b3546,,big,Mid-Range,https://www.instagram.com/mezaj_magribi,"""food and beverage outlets""","[""Coffee Shops and Tea Houses"", ""Dessert Shop""]",No Rating,Open,,"[""Offers Coffee""]",,,,Riyadh,13612.0,RTJA8582,ChIJLZFn10FVLj4RqL0_sZGVyAo,0,RTJA8582,8582.0,طريق خريص,حي الجنادرية,الرياض,13612.0,24.82812283,46.88736507,0
134,Mezaj Magribi,مزاج مغربي,https://instagram.fruh2-2.fna.fbcdn.net/v/t51.2885-19/183650189_471591847285520_7521953580082314660_n.jpg?stp=dst-jpg_s320x320&_nc_ht=instagram.fruh2-2.fna.fbcdn.net&_nc_cat=108&_nc_ohc=19HVBRmEu_gAX99DsDd&edm=AOQ1c0wBAAAA&ccb=7-5&oh=00_AfC8JYa-I24Naz0UDhhp_7IVaSF_t0d82shq8vymZ3fU1A&oe=65702176&_nc_sid=8b3546,,big,Mid-Range,https://www.instagram.com/mezaj_magribi,"""food and beverage outlets""","[""Coffee Shops and Tea Houses"", ""Dessert Shop""]",Exceptional,Open,"['""Monday, Tuesday, Wednesday, Thursday, Friday, Saturday, Sunday: 00:00 AM - +0:000 PM""']","[""Delivery"", ""Dine In"", ""Offers Coffee""]",,,,Riyadh,13337.0,RRRA7831,ChIJm0VsowHpLj4RVLGztCcdl3A,10,RRRA7831,7831.0,الملك فهد,حي العارض,الرياض,13337.0,24.87577545,46.59001384,5335493f498ec781668a306e
134,Mezaj Magribi,مزاج مغربي,https://instagram.fruh2-2.fna.fbcdn.net/v/t51.2885-19/183650189_471591847285520_7521953580082314660_n.jpg?stp=dst-jpg_s320x320&_nc_ht=instagram.fruh2-2.fna.fbcdn.net&_nc_cat=108&_nc_ohc=19HVBRmEu_gAX99DsDd&edm=AOQ1c0wBAAAA&ccb=7-5&oh=00_AfC8JYa-I24Naz0UDhhp_7IVaSF_t0d82shq8vymZ3fU1A&oe=65702176&_nc_sid=8b3546,,big,Mid-Range,https://www.instagram.com/mezaj_magribi,"""food and beverage outlets""","[""Coffee Shops and Tea Houses"", ""Dessert Shop""]",Very Good,Open,,"[""Delivery"", ""Dine In"", ""Serve Sweets"", ""Offers Coffee""]","[""Wheelchair-Friendly Parking""]",,,Riyadh,13338.0,RRRA3724,ChIJo8-FP_vlLj4RQxLCsZiafWg,39,RRRA3724,3724.0,الأمير خالد بن بندر بن عبدالعزيز,حي العارض,الرياض,13338.0,24.87253865,46.62743797,0
155,Enabah,عنبة,https://instagram.fruh2-2.fna.fbcdn.net/v/t51.2885-19/383677764_1529288977863144_6787186362187491572_n.jpg?stp=dst-jpg_s320x320&_nc_ht=instagram.fruh2-2.fna.fbcdn.net&_nc_cat=100&_nc_ohc=awyGBpHga4QAX_-n1qY&edm=AOQ1c0wBAAAA&ccb=7-5&oh=00_AfATwLOJ4KjT8Db_5Jrvf7hN_Q96CVebka-4CSPSo5_9FA&oe=6570FE78&_nc_sid=8b3546,https://nofoth.com/enabah,big,Mid-Range,https://www.instagram.com/enabah_sa,"""food and beverage outlets""","[""Dolma & Stuffed Foods""]",Very Good,Open,,,,,,Riyadh,13613.0,RTJC2422,ChIJH5XGbVVVLj4Rgm696LlzZCw,60,RTJC2422,2422.0,الشرق,حي الجنادرية,الرياض,13613.0,24.83684051,46.87730647,0
