city,branch_postal_code,building_number,lat,lon,subtype_name,branch_id,brand_name_en,brand_name_ar,brand_logo_link,brand_website,brand_size,brand_price_range,brand_instagram_link,brand_type,brand_categories,branch_rating,branch_status,branch_opening_hours,branch_amenities,branch_accessibility_facilities,branch_national_short_address,branch_payment_methods,branch_phone_number,street_aname,street_ename,district,branch_reviews
الرياض,13521.0,,24.8022000583911,46.6052035944861,Other,,,,,,,,,,,,,,,,RRMA2117,,,انس بن مالك,Anas Ibn Malik,,
الرياض,13521.0,,24.8019716126547,46.6065052524773,Mosque,,,,,,,,,,,,,,,,RRMA2193,,,ممر90,90 Ln,,
الرياض,13521.0,,24.7907737977767,46.6124819528888,Supermarket,,,,,,,,,,,,,,,,RRMC2754,,,الرحيبات,Al Rahebat,,
الرياض,13521.0,,24.7928665337314,46.6107068749785,Trading Center,,,,,,,,,,,,,,,,RRMC2754,,,الرحيبات,Al Rahebat,,
الرياض,13521.0,,24.7912009110272,46.6122594732849,Trading Center,,,,,,,,,,,,,,,,RRMC2754,,,الرحيبات,Al Rahebat,,
الرياض,13521.0,,24.7914686003903,46.6123903436401,Trading Center,,,,,,,,,,,,,,,,RRMC2754,,,الرحيبات,Al Rahebat,,
الرياض,13521.0,,24.7918969033715,46.6122416273273,Trading Center,,,,,,,,,,,,,,,,RRMC2754,,,الرحيبات,Al Rahebat,,
الرياض,13521.0,,24.7920813115993,46.6119441947015,Trading Center,,,,,,,,,,,,,,,,RRMC2754,,,الرحيبات,Al Rahebat,,
الرياض,13521.0,,24.7922419252174,46.6118609135663,Trading Center,,,,,,,,,,,,,,,,RRMC2754,,,الرحيبات,Al Rahebat,,
الرياض,13521.0,,24.7926226389781,46.6117121972534,Trading Center,,,,,,,,,,,,,,,,RRMC2754,,,الرحيبات,Al Rahebat,,
الرياض,13521.0,,24.7923252063525,46.6120096298792,Trading Center,,,,,,,,,,,,,,,,RRMC2754,,,الرحيبات,Al Rahebat,,
الرياض,13521.0,,24.7925631524532,46.6121583461921,Trading Center,,,,,,,,,,,,,,,,RRMC2754,,,الرحيبات,Al Rahebat,,
الرياض,13521.0,,24.7931342230945,46.6113671754075,Trading Center,,,,,,,,,,,,,,,,RRMC2754,,,الرحيبات,Al Rahebat,,
الرياض,13521.0,,24.7905180057185,46.6129649834731,Trading Center,,,,,,,,,,,,,,,,RRMC2754,,,الرحيبات,Al Rahebat,,
الرياض,13521.0,,24.7913912679076,46.6126889659963,Trading Center,,,,,,,,,,,,,,,,RRMC2754,,,الرحيبات,Al Rahebat,,
الرياض,13521.0,,24.7910593330973,46.6128602871888,Trading Center,,,,,,,,,,,,,,,,RRMC2754,,,الرحيبات,Al Rahebat,,
الرياض,13521.0,,24.787049581822,46.6137393976985,Company & Institution,,,,,,,,,,,,,,,,RRMA2974,,,سعود ابن فيصل الفرعي,Saud Ibn Faisal Branch,,
الرياض,13521.0,,24.7872780100785,46.6141581828355,Trading Center,,,,,,,,,,,,,,,,RRMD2984,,,سعود ابن فيصل الفرعي,Saud Ibn Faisal Branch,,
الرياض,13521.0,,24.7955373319769,46.6144785387901,Hotel Suite,,,,,,,,,,,,,,,,RRMA3013,,,محمد بن عبدالعزيز الدغيثر,Muhammad Ibn Abdulaziz Al Deghethr,,
الرياض,13521.0,,24.8066294117067,46.6148401201949,Bank,,,,,,,,,,,,,,,,RRMA3071,,,انس بن مالك,Anas Ibn Malik,,
الرياض,13521.0,,24.8064178,46.6150821000001,Company & Institution,,,,,,,,,,,,,,,,RRMA3071,,,انس بن مالك,Anas Ibn Malik,,
الرياض,13521.0,,24.806760493698,46.6153764842973,Middle Eastern Restaurant,,,,,,,,,,,,,,,,RRMA3071,,,انس بن مالك,Anas Ibn Malik,,
الرياض,13521.0,,24.8064071437385,46.6151409176577,Institute,,,,,,,,,,,,,,,,RRMA3071,,,انس بن مالك,Anas Ibn Malik,,
الرياض,13521.0,,24.7880489554446,46.615509716687,Auto Service Station,,,,,,,,,,,,,,,,RRMD3124,,,سعود ابن فيصل الفرعي,Saud Ibn Faisal Branch,,
الرياض,13521.0,,24.7879061877841,46.6156334486592,Auto Workshop,,,,,,,,,,,,,,,,RRMD3124,,,سعود ابن فيصل الفرعي,Saud Ibn Faisal Branch,,
الرياض,13521.0,,24.7877919736558,46.6153859847146,Trading Center,,,,,,,,,,,,,,,,RRMD3124,,,سعود ابن فيصل الفرعي,Saud Ibn Faisal Branch,,
الرياض,13521.0,,24.8069889219546,46.6157655261719,Trading Center,,,,,,,,,,,,,,,,RRMA3141,,,انس بن مالك,Anas Ibn Malik,,
الرياض,13521.0,,24.8069889219546,46.6160296463436,Trading Center,,,,,,,,,,,,,,,,RRMA3141,,,انس بن مالك,Anas Ibn Malik,,
الرياض,13521.0,,24.8066925273177,46.6148055447996,ATM Machine,,,,,,,,,,,,,,,,RRMA3141,,,انس بن مالك,Anas Ibn Malik,,
الرياض,13521.0,,24.8068640002518,46.616165275621,Hotel Suite,,,,,,,,,,,,,,,,RRMA3141,,,انس بن مالك,Anas Ibn Malik,,
الرياض,13521.0,,24.8061680079074,46.6152158706795,Company & Institution,,,,,,,,,,,,,,,,RRMA3141,,,انس بن مالك,Anas Ibn Malik,,
الرياض,13521.0,,24.8068854154009,46.6156655888096,Other,,,,,,,,,,,,,,,,RRMA3141,,,انس بن مالك,Anas Ibn Malik,,
الرياض,13521.0,,24.806949660848,46.6159546933218,Other,,,,,,,,,,,,,,,,RRMA3141,,,انس بن مالك,Anas Ibn Malik,,
الرياض,13521.0,,24.8070246138697,46.6162330902595,Auto Agency,,,,,,,,,,,,,,,,RRME3199,,,انس بن مالك,Anas Ibn Malik,,
الرياض,13521.0,,24.807081720934,46.6164222574096,Trading Center,,,,,,,,,,,,,,,,RRME3199,,,انس بن مالك,Anas Ibn Malik,,
الرياض,13521.0,,24.8072601805094,46.616361581154,Trading Center,,,,,,,,,,,,,,,,RRME3199,,,انس بن مالك,Anas Ibn Malik,,
الرياض,13521.0,,24.8071209820405,46.616557886687,Middle Eastern Restaurant,,,,,,,,,,,,,,,,RRME3199,,,انس بن مالك,Anas Ibn Malik,,
الرياض,13521.0,,24.8073601178716,46.6166863775814,Other,,,,,,,,,,,,,,,,RRME3199,,,انس بن مالك,Anas Ibn Malik,,
الرياض,13521.0,,24.7885891763741,46.6173018053402,Trading Center,,,,,,,,,,,,,,,,RRMG3312,,,سعود ابن فيصل الفرعي,Saud Ibn Faisal Branch,,
الرياض,nan,,24.8081346324292,46.6186851248265,Trading Center,,,,,,,,,,,,,,,,nan,,,nan,nan,,
الرياض,nan,,24.8078776506404,46.6186208793794,Mosque,,,,,,,,,,,,,,,,nan,,,nan,nan,,
الرياض,13521.0,,24.7890055820503,46.6183487681829,Middle Eastern Restaurant,,,,,,,,,,,,,,,,RRMC3414,,,سعود ابن فيصل الفرعي,Saud Ibn Faisal Branch,,
الرياض,13521.0,,24.7891067091429,46.618652149461,Fast Food,,,,,,,,,,,,,,,,RRMC3442,,,سعود ابن فيصل الفرعي,Saud Ibn Faisal Branch,,
الرياض,13521.0,,24.7972838563554,46.6187568096789,Hotel,,,,,,,,,,,,,,,,RRME3443,,,محمد بن عبدالعزيز الدغيثر,Muhammad Ibn Abdulaziz Al Deghethr,,
الرياض,13521.0,,24.8081596167696,46.619031336403,Fast Food,,,,,,,,,,,,,,,,RRMA3449,,,انس بن مالك,Anas Ibn Malik,,
الرياض,13521.0,,24.7892018875831,46.6188603522991,Fast Food,,,,,,,,,,,,,,,,RRMB3468,,,سعود ابن فيصل الفرعي,Saud Ibn Faisal Branch,,
الرياض,13521.0,,24.8083380763451,46.6192669030426,Trading Center,,,,,,,,,,,,,,,,RRME3483,,,انس بن مالك,Anas Ibn Malik,,
الرياض,13521.0,,24.8083309379623,46.6195452999802,Other,,,,,,,,,,,,,,,,RRMB3499,,,انس بن مالك,Anas Ibn Malik,,
الرياض,13521.0,,24.7928751,46.6196227,Trading Center,,,,,,,,,,,,,,,,RRMC3545,,,الحماسة,Al Hamaseih,,
الرياض,13521.0,,24.8086485960065,46.6196595141087,Company & Institution,,,,,,,,,,,,,,,,RRMB3551,,,انس بن مالك,Anas Ibn Malik,,
الرياض,13521.0,,24.8085129667291,46.6197094827898,Fast Food,,,,,,,,,,,,,,,,RRMB3551,,,انس بن مالك,Anas Ibn Malik,,
الرياض,13521.0,,24.8088556091141,46.6200949554728,Fast Food,,,,,,,,,,,,,,,,RRMB3551,,,انس بن مالك,Anas Ibn Malik,,
الرياض,13521.0,,24.8083916142179,46.6197701590455,Other,,,,,,,,,,,,,,,,RRMB3551,,,انس بن مالك,Anas Ibn Malik,,
الرياض,13521.0,,24.7980076150001,46.6199471560001,Trading Center,,,,,,,,,,,,,,,,RRMB3565,,,محمد بن عبدالعزيز الدغيثر,Muhammad Ibn Abdulaziz Al Deghethr,,
الرياض,13521.0,,24.7897253690045,46.6199192124467,Trading Center,,,,,,,,,,,,,,,,RRMB3566,,,سعود ابن فيصل الفرعي,Saud Ibn Faisal Branch,,
الرياض,nan,,24.7954761484202,46.6203152376647,Primary school,,,,,,,,,,,,,,,,nan,,,nan,nan,,
الرياض,13521.0,,24.7897551122672,46.6201214666323,Fast Food,,,,,,,,,,,,,,,,RRMA3594,,,سعود ابن فيصل الفرعي,Saud Ibn Faisal Branch,,
الرياض,13521.0,,24.7900228016303,46.6207163318837,Trading Center,,,,,,,,,,,,,,,,RRMC3656,,,طريق الامام سعود بن فيصل الفرعي,Al Imam Saud Ibn Faisal Branch Rd,,
الرياض,13521.0,,24.7901001341129,46.6209423806794,ATM Machine,,,,,,,,,,,,,,,,RRMD3682,,,طريق الامام سعود بن فيصل الفرعي,Al Imam Saud Ibn Faisal Branch Rd,,
الرياض,13521.0,,24.7992879177302,46.6213133818992,Hotel,,,,,,,,,,,,,,,,RRMF3700,,,محمد بن عبدالعزيز الدغيثر,Muhammad Ibn Abdulaziz Al Deghethr,,
الرياض,13521.0,,24.7901908000002,46.6211892000001,Trading Center,,,,,,,,,,,,,,,,RRMB3706,,,طريق الامام سعود بن فيصل الفرعي,Al Imam Saud Ibn Faisal Branch Rd,,
الرياض,13521.0,,24.8010116,46.6213906000001,Trading Center,,,,,,,,,,,,,,,,RRMC3710,,,وادي نوار,Wadi Nawar,,
الرياض,13521.0,,24.7985735242207,46.6213313864874,Hotel,,,,,,,,,,,,,,,,RRMC3711,,,محمد بن عبدالعزيز الدغيثر,Muhammad Ibn Abdulaziz Al Deghethr,,
الرياض,13521.0,,24.7903373366321,46.6216562189811,Fast Food,,,,,,,,,,,,,,,,RRMA3734,,,طريق الامام سعود بن فيصل الفرعي,Al Imam Saud Ibn Faisal Branch Rd,,
الرياض,13521.0,,24.7903142856034,46.6215075026682,Other,,,,,,,,,,,,,,,,RRMA3734,,,طريق الامام سعود بن فيصل الفرعي,Al Imam Saud Ibn Faisal Branch Rd,,
الرياض,13521.0,,24.7987686400232,46.6216787877942,Trading Center,,,,,,,,,,,,,,,,RRMA3739,,,محمد بن عبدالعزيز الدغيثر,Muhammad Ibn Abdulaziz Al Deghethr,,
الرياض,13521.0,,24.7987165,46.6218882000001,Trading Center,,,,,,,,,,,,,,,,RRMA3763,,,محمد بن عبدالعزيز الدغيثر,Muhammad Ibn Abdulaziz Al Deghethr,,
الرياض,13521.0,,24.7988543006195,46.6219214928169,Other,,,,,,,,,,,,,,,,RRMA3763,,,محمد بن عبدالعزيز الدغيثر,Muhammad Ibn Abdulaziz Al Deghethr,,
الرياض,13521.0,,24.7994544800005,46.622079568343,Trading Center,,,,,,,,,,,,,,,,RRME3772,,,محمد بن عبدالعزيز الدغيثر,Muhammad Ibn Abdulaziz Al Deghethr,,
الرياض,13521.0,,24.7994598,46.6221507,Trading Center,,,,,,,,,,,,,,,,RRME3772,,,محمد بن عبدالعزيز الدغيثر,Muhammad Ibn Abdulaziz Al Deghethr,,
الرياض,13521.0,,24.7957569248188,46.6223044670658,Furnished Apartment,,,,,,,,,,,,,,,,RRMB3800,,,العمرة,Al Umrah,,
الرياض,13521.0,,24.7959520406214,46.6227042165148,Furnished Apartment,,,,,,,,,,,,,,,,RRMB3852,,,العمرة,Al Umrah,,
الرياض,13521.0,,24.7908399977695,46.622810257569,Fast Food,,,,,,,,,,,,,,,,RRMF3860,,,طريق الامام سعود بن فيصل الفرعي,Al Imam Saud Ibn Faisal Branch Rd,,
الرياض,13521.0,,24.807246996678,46.6231635318042,Friday Mosque,,,,,,,,,,,,,,,,RRMB3860,,,ممر82,82 Ln,,
الرياض,13521.0,,24.7993920588068,46.6230731519439,Furnished Apartment,,,,,,,,,,,,,,,,RRMD3883,,,محمد بن عبدالعزيز الدغيثر,Muhammad Ibn Abdulaziz Al Deghethr,,
الرياض,13521.0,,24.7954000056681,46.6232514925462,Garden,,,,,,,,,,,,,,,,RRME3906,,,الحماسة,Al Hamaseih,,
الرياض,13521.0,,24.7911377,46.6233845,Phamacy with Home Delevery,,,,,,,,,,,,,,,,RRME3914,,,طريق الامام سعود بن فيصل الفرعي,Al Imam Saud Ibn Faisal Branch Rd,,
الرياض,13521.0,,24.80006838094,46.6233644772864,Furnished Apartment,,,,,,,,,,,,,,,,RRMB3914,,,محمد بن عبدالعزيز الدغيثر,Muhammad Ibn Abdulaziz Al Deghethr,,
الرياض,13521.0,,24.7995062729351,46.623487178159,Hotel Suite,,,,,,,,,,,,,,,,RRMD3921,,,محمد بن عبدالعزيز الدغيثر,Muhammad Ibn Abdulaziz Al Deghethr,,
الرياض,13521.0,,24.7912950696869,46.6238810150218,Other,,,,,,,,,,,,,,,,RRMC3970,,,طريق الامام سعود بن فيصل الفرعي,Al Imam Saud Ibn Faisal Branch Rd,,
الرياض,13521.0,,24.796584977249,46.6243127321549,Hotel,,,,,,,,,,,,,,,,RRMD3994,,,العمرة,Al Umrah,,
الرياض,13521.0,,24.7914794779149,46.6242587544564,Other,,,,,,,,,,,,,,,,RRMD4000,,,طريق الامام سعود بن فيصل الفرعي,Al Imam Saud Ibn Faisal Branch Rd,,
الرياض,13521.0,,24.7913753764959,46.6240981408385,Other,,,,,,,,,,,,,,,,RRMD4000,,,طريق الامام سعود بن فيصل الفرعي,Al Imam Saud Ibn Faisal Branch Rd,,
الرياض,13521.0,,24.7961234,46.6244621000001,Trading Center,,,,,,,,,,,,,,,,RRMC4027,,,العمرة,Al Umrah,,
الرياض,13521.0,,24.8000487900444,46.6246721497399,Hotel Suite,,,,,,,,,,,,,,,,RRMD4039,,,محمد بن عبدالعزيز الدغيثر,Muhammad Ibn Abdulaziz Al Deghethr,,
الرياض,13521.0,,24.7917590645831,46.6247465439626,Gas Station,,,,,,,,,,,,,,,,RRMA4046,,,طريق الامام سعود بن فيصل الفرعي,Al Imam Saud Ibn Faisal Branch Rd,,
الرياض,13521.0,,24.7917949,46.6245144000001,Trading Center,,,,,,,,,,,,,,,,RRMA4046,,,طريق الامام سعود بن فيصل الفرعي,Al Imam Saud Ibn Faisal Branch Rd,,
الرياض,13521.0,,24.8006680051136,46.6248492609541,Local Restaurant,,,,,,,,,,,,,,,,RRMC4054,,,محمد بن عبدالعزيز الدغيثر,Muhammad Ibn Abdulaziz Al Deghethr,,
الرياض,13521.0,,24.802090704678,46.6251658482408,Hotel,,,,,,,,,,,,,,,,RRMD4075,,,وادي نوار,Wadi Nawar,,
الرياض,nan,,24.7918750034153,46.6251240239067,Money Transfer Center,,,,,,,,,,,,,,,,nan,,,nan,nan,,
الرياض,13521.0,,24.7965469058729,46.6253311414657,Hotel,,,,,,,,,,,,,,,,RRMA4115,,,العمرة,Al Umrah,,
الرياض,13521.0,,24.8009202279802,46.6254774386597,Hotel Suite,,,,,,,,,,,,,,,,RRMA4118,,,محمد بن عبدالعزيز الدغيثر,Muhammad Ibn Abdulaziz Al Deghethr,,
الرياض,13521.0,,24.792001055779,46.6253712304286,Money Transfer Center,,,,,,,,,,,,,,,,RRMB4120,,,طريق الامام سعود بن فيصل الفرعي,Al Imam Saud Ibn Faisal Branch Rd,,
الرياض,13521.0,,24.8022334723383,46.6254394862565,Hotel,,,,,,,,,,,,,,,,RRMB4129,,,وادي نوار,Wadi Nawar,,
الرياض,13521.0,,24.7921189580603,46.6256953540389,Trading Center,,,,,,,,,,,,,,,,RRMB4146,,,طريق الامام سعود بن فيصل الفرعي,Al Imam Saud Ibn Faisal Branch Rd,,
الرياض,13521.0,,24.8005162,46.6258327000001,Other,,,,,,,,,,,,,,,,RRMB4159,,,محمد بن عبدالعزيز الدغيثر,Muhammad Ibn Abdulaziz Al Deghethr,,
الرياض,13521.0,,24.7973701993811,46.6261353992859,Hotel,,,,,,,,,,,,,,,,RRMB4184,,,العمرة,Al Umrah,,
الرياض,13521.0,,24.7976557347018,46.626620809331,Furnished Apartment,,,,,,,,,,,,,,,,RRME4233,,,العمرة,Al Umrah,,
الرياض,13521.0,,24.7924030238356,46.6265952130238,ATM Machine,,,,,,,,,,,,,,,,RRMB4246,,,طريق الامام سعود بن فيصل الفرعي,Al Imam Saud Ibn Faisal Branch Rd,,
الرياض,13521.0,,24.793386021046,46.6266620100726,Mosque,,,,,,,,,,,,,,,,RRMA4251,,,الحتار,Al Hatar,,
الرياض,13521.0,,24.7973728000001,46.6270987,Trading Center,,,,,,,,,,,,,,,,RRMC4285,,,العمرة,Al Umrah,,
الرياض,13521.0,,24.797336886927,46.6273203708668,Furnished Apartment,,,,,,,,,,,,,,,,RRMD4307,,,العمرة,Al Umrah,,
الرياض,13521.0,,24.7979095197638,46.6274115835387,Middle Eastern Restaurant,,,,,,,,,,,,,,,,RRMB4320,,,العمرة,Al Umrah,,
الرياض,13521.0,,24.7974415832114,46.6274203082289,Furnished Apartment,,,,,,,,,,,,,,,,RRMA4329,,,العمرة,Al Umrah,,
الرياض,13521.0,,24.7974986902753,46.6275107277472,Furnished Apartment,,,,,,,,,,,,,,,,RRMA4329,,,العمرة,Al Umrah,,
الرياض,13521.0,,24.792925000476,46.6275245646871,Middle Eastern Restaurant,,,,,,,,,,,,,,,,RRMA4338,,,طريق الامام سعود بن فيصل الفرعي,Al Imam Saud Ibn Faisal Branch Rd,,
الرياض,13521.0,,24.7932670479957,46.6281610705063,Middle Eastern Restaurant,,,,,,,,,,,,,,,,RRMA4404,,,طريق الامام سعود بن فيصل الفرعي,Al Imam Saud Ibn Faisal Branch Rd,,
الرياض,13521.0,,24.793305714237,46.6285031180258,Middle Eastern Restaurant,,,,,,,,,,,,,,,,RRMA4430,,,طريق الامام سعود بن فيصل الفرعي,Al Imam Saud Ibn Faisal Branch Rd,,
الرياض,13521.0,,24.7934336,46.6287402000001,Pharmacy,,,,,,,,,,,,,,,,RRMB4458,,,طريق الامام سعود بن فيصل الفرعي,Al Imam Saud Ibn Faisal Branch Rd,,
الرياض,13521.0,,24.79352581438,46.6290771629937,ATM Machine,,,,,,,,,,,,,,,,RRMA4498,,,طريق الامام سعود بن فيصل الفرعي,Al Imam Saud Ibn Faisal Branch Rd,,
الرياض,13521.0,,24.793826221332,46.6298385905154,Other,,,,,,,,,,,,,,,,RRMB4560,,,طريق الامام سعود بن فيصل الفرعي,Al Imam Saud Ibn Faisal Branch Rd,,
الرياض,13521.0,,24.7881528000002,46.6121566,Phamacy with Home Delevery,,,,,,,,,,,,,,,,RRMB6165,,,الامير محمد ابن سعد ابن عبدالعزيز,Prince Muhammad Ibn Saad Ibn Abdulaziz,,
الرياض,13521.0,,24.7882798464433,46.6123994018296,Friday Mosque,,,,,,,,,,,,,,,,RRMB6165,,,الامير محمد ابن سعد ابن عبدالعزيز,Prince Muhammad Ibn Saad Ibn Abdulaziz,,
الرياض,13521.0,,24.7926186448715,46.6249309521907,Mosque,,,,,,,,,,,,,,,,RRMC6720,,,الحلة,Al Hallah,,
الرياض,13521.0,,24.7929725896962,46.626183143545,Trading Center,,,,,,,,,,,,,,,,RRMB6753,,,عبدالله الخرجي,Abdullah Al Kharji,,
الرياض,13521.0,,24.7936834536717,46.6293954159031,Car Rental,,,,,,,,,,,,,,,,RRMA6848,,,السارة,Al Sarah,,
الرياض,13521.0,,24.7942009864405,46.629936743282,ATM Machine,,,,,,,,,,,,,,,,RRMB6890,,,طريق الملك فهد الفرعي,King Fahad Branch Rd,,
الرياض,13521.0,,24.7951375825279,46.6174220906853,Trading Center,,,,,,,,,,,,,,,,RRMC6976,,,عبدالله بن شهيوين,Abdullah Ibn Shahiween,,
الرياض,13521.0,,24.7949419098522,46.6295938665427,Trading Center,,,,,,,,,,,,,,,,RRMB6978,,,طريق الملك فهد الفرعي,King Fahad Branch Rd,,
الرياض,13521.0,,24.795227445173,46.6294481245561,Auto Agency,,,,,,,,,,,,,,,,RRMC7010,,,طريق الملك فهد الفرعي,King Fahad Branch Rd,,
الرياض,13521.0,,24.7953850464725,46.6171651088968,Mosque,,,,,,,,,,,,,,,,RRMC7016,,,عبدالله بن شهيوين,Abdullah Ibn Shahiween,,
الرياض,13521.0,,24.7955100061674,46.6292756136332,Fast Food,,,,,,,,,,,,,,,,RRMD7042,,,طريق الملك فهد الفرعي,King Fahad Branch Rd,,
الرياض,13521.0,,24.7956676454591,46.629216127108,Fast Food,,,,,,,,,,,,,,,,RRMD7062,,,طريق الملك فهد الفرعي,King Fahad Branch Rd,,
الرياض,13521.0,,24.7957994086687,46.6291449060254,Fast Food,,,,,,,,,,,,,,,,RRMD7062,,,طريق الملك فهد الفرعي,King Fahad Branch Rd,,
الرياض,nan,,24.795956155106,46.6290584878164,Fast Food,,,,,,,,,,,,,,,,nan,,,nan,nan,,
الرياض,13521.0,,24.7961316403553,46.628963309376,Fast Food,,,,,,,,,,,,,,,,RRMB7104,,,طريق الملك فهد الفرعي,King Fahad Branch Rd,,
الرياض,13521.0,,24.7966046,46.628697,Phamacy with Home Delevery,,,,,,,,,,,,,,,,RRMB7144,,,طريق الملك فهد الفرعي,King Fahad Branch Rd,,
الرياض,13521.0,,24.7963708257585,46.6288219297347,Fast Food,,,,,,,,,,,,,,,,RRMB7144,,,طريق الملك فهد الفرعي,King Fahad Branch Rd,,
الرياض,13521.0,,24.7974237372538,46.6282972585829,Auto Agency,,,,,,,,,,,,,,,,RRMB7260,,,طريق الملك فهد الفرعي,King Fahad Branch Rd,,
الرياض,13521.0,,24.7983355781202,46.6224306974722,Mosque,,,,,,,,,,,,,,,,RRMB7338,,,الحضرة,Al Khadrah,,
الرياض,13521.0,,24.7981296199069,46.6279529109174,Company & Institution,,,,,,,,,,,,,,,,RRMA7338,,,طريق الملك فهد الفرعي,King Fahad Branch Rd,,
الرياض,13521.0,,24.7990933016145,46.6274829673687,Car Rental,,,,,,,,,,,,,,,,RRME7438,,,طريق الملك فهد الفرعي,King Fahad Branch Rd,,
الرياض,13521.0,,24.7989921745216,46.6275365052413,Car Rental,,,,,,,,,,,,,,,,RRME7438,,,طريق الملك فهد الفرعي,King Fahad Branch Rd,,
الرياض,13521.0,,24.7991468394871,46.6264597991361,Mosque,,,,,,,,,,,,,,,,RRMB7449,,,الحلية,Al Hilah,,
الرياض,13521.0,,24.7996465262983,46.6270963049553,Other,,,,,,,,,,,,,,,,RRMB7484,,,طريق الملك فهد الفرعي,King Fahad Branch Rd,,
الرياض,13521.0,,24.799896369704,46.6270189724726,Cargo,,,,,,,,,,,,,,,,RRMG7524,,,طريق الملك فهد الفرعي,King Fahad Branch Rd,,
الرياض,13521.0,,24.8005262090664,46.6267779330725,Trading Center,,,,,,,,,,,,,,,,RRMA7610,,,طريق الملك فهد الفرعي,King Fahad Branch Rd,,
الرياض,13521.0,,24.8007203532559,46.6250729302888,Furnished Apartment,,,,,,,,,,,,,,,,RRMC7618,,,الحنفي,Al Hanafi,,
الرياض,13521.0,,24.8010240219271,46.6257475200468,Other,,,,,,,,,,,,,,,,RRMB7656,,,الحنواء,Al Hanwa,,
الرياض,13521.0,,24.8018408612723,46.6260938380332,Pharmacy,,,,,,,,,,,,,,,,RRMB7736,,,طريق الملك فهد الفرعي,King Fahad Branch Rd,,
الرياض,nan,,24.8028211992067,46.6255429928103,Other,,,,,,,,,,,,,,,,nan,,,nan,nan,,
الرياض,13521.0,,24.8036778051688,46.6251717968934,Car Rental,,,,,,,,,,,,,,,,RRMA7942,,,طريق الملك فهد الفرعي,King Fahad Branch Rd,,
الرياض,13521.0,,24.8041685881564,46.6162536514007,Friday Mosque,,,,,,,,,,,,,,,,RRMB7993,,,وادي وج,Wadi Waj,,
الرياض,13521.0,,24.8055433025976,46.6240962805187,Middle Eastern Restaurant,,,,,,,,,,,,,,,,RRMD8148,,,طريق الملك فهد الفرعي,King Fahad Branch Rd,,
الرياض,13521.0,,24.8059335342026,46.6239630307024,Middle Eastern Restaurant,,,,,,,,,,,,,,,,RRMB8190,,,طريق الملك فهد الفرعي,King Fahad Branch Rd,,
الرياض,13521.0,,24.8063903907158,46.6236203883174,Trading Center,,,,,,,,,,,,,,,,RRMB8234,,,طريق الملك فهد الفرعي,King Fahad Branch Rd,,
الرياض,13522.0,,24.7805196359064,46.59777945803,Other,,,,,,,,,,,,,,,,RRMB3230,,,الإمام سعود بن فيصل,Al Imam Saud Ibn Faisal,,
الرياض,13522.0,,24.7853372586755,46.5983852061067,Mosque,,,,,,,,,,,,,,,,RRMF3280,,,رقم 184,No. 184,,
الرياض,13522.0,,24.7996900367254,46.5984078078715,Other,,,,,,,,,,,,,,,,RRMA3297,,,انس بن مالك,Anas Ibn Malik,,
الرياض,13522.0,,24.7858226687205,46.5987064333425,Garden,,,,,,,,,,,,,,,,RRME3323,,,رقم 190,No. 190,,
الرياض,13522.0,,24.8013011697724,46.6030791657181,Trading Center,,,,,,,,,,,,,,,,RRMA3687,,,انس بن مالك,Anas Ibn Malik,,
الرياض,13522.0,,24.8012299000002,46.6025766000002,Shops with Home Delevery,,,,,,,,,,,,,,,,RRMA3687,,,انس بن مالك,Anas Ibn Malik,,
الرياض,13522.0,,24.8016304871757,46.6037301862493,Trading Center,,,,,,,,,,,,,,,,RRMB3767,,,انس بن مالك,Anas Ibn Malik,,
الرياض,13522.0,,24.8019264203754,46.6040198126354,Trading Center,,,,,,,,,,,,,,,,RRMB3767,,,انس بن مالك,Anas Ibn Malik,,
الرياض,13522.0,,24.8013870700662,46.603304920138,ATM Machine,,,,,,,,,,,,,,,,RRMB3767,,,انس بن مالك,Anas Ibn Malik,,
الرياض,13522.0,,24.8015138935863,46.6035350704468,Pharmacy,,,,,,,,,,,,,,,,RRMB3767,,,انس بن مالك,Anas Ibn Malik,,
الرياض,13522.0,,24.8015995541826,46.6036706997243,Asian Restaurant,,,,,,,,,,,,,,,,RRMB3767,,,انس بن مالك,Anas Ibn Malik,,
الرياض,13522.0,,24.8016852147787,46.6038467798386,Fast Food,,,,,,,,,,,,,,,,RRMB3767,,,انس بن مالك,Anas Ibn Malik,,
الرياض,13522.0,,24.8018285708242,46.6042239264298,Fast Food,,,,,,,,,,,,,,,,RRMB3767,,,انس بن مالك,Anas Ibn Malik,,
الرياض,13522.0,,24.8018907284603,46.604358885829,Fast Food,,,,,,,,,,,,,,,,RRMB3767,,,انس بن مالك,Anas Ibn Malik,,
الرياض,13522.0,,24.8020929826459,46.604001966678,Middle Eastern Restaurant,,,,,,,,,,,,,,,,RRMB3767,,,انس بن مالك,Anas Ibn Malik,,
الرياض,13522.0,,24.8014425097563,46.6034470303896,Other,,,,,,,,,,,,,,,,RRMB3767,,,انس بن مالك,Anas Ibn Malik,,
الرياض,13522.0,,24.8014853400543,46.6034851017657,Other,,,,,,,,,,,,,,,,RRMB3767,,,انس بن مالك,Anas Ibn Malik,,
الرياض,13522.0,,24.8015852774165,46.6035969364329,Other,,,,,,,,,,,,,,,,RRMB3767,,,انس بن مالك,Anas Ibn Malik,,
الرياض,13522.0,,24.8018074473251,46.6041566316435,Other,,,,,,,,,,,,,,,,RRMB3767,,,انس بن مالك,Anas Ibn Malik,,
الرياض,13522.0,,24.7864595587738,46.6118140544222,Friday Mosque,,,,,,,,,,,,,,,,RRMA6958,,,الامير محمد ابن سعد ابن عبدالعزيز,Prince Muhammad Ibn Saad Ibn Abdulaziz,,
الرياض,13522.0,,24.7904590484906,46.5994589378855,Medical Clinic,,,,,,,,,,,,,,,,RRMB7398,,,nan,nan,,
الرياض,13522.0,,24.7916939887525,46.6046556807224,Other,,,,,,,,,,,,,,,,RRMC7524,,,الأطراف,Al Atraf,,
الرياض,13522.0,,24.7948320417559,46.6001652808851,Mosque,,,,,,,,,,,,,,,,RRMB7877,,,رقم 179,No. 179,,
الرياض,13522.0,,24.7970211458813,46.5981474979522,Friday Mosque,,,,,,,,,,,,,,,,RRMA8113,,,العوينات,Al Oweinat,,
الرياض,13523.0,,24.7814098888841,46.5738196209389,Mosque,,,,,,,,,,,,,,,,RRMB2672,,,الأصفاء,Al Isfa,,
الرياض,13523.0,,24.7816877901008,46.5817056504334,Trading Center,,,,,,,,,,,,,,,,RRMA3448,,,الأمير يزيد بن عبدالله بن عبدالرحمن,Prince Yazeed Ibn Abdullah Ibn Abdulrahman,,
الرياض,13523.0,,24.7823405555701,46.5837857355871,Friday Mosque,,,,,,,,,,,,,,,,RRMC3658,,,الأمير يزيد بن عبدالله بن عبدالرحمن,Prince Yazeed Ibn Abdullah Ibn Abdulrahman,,
الرياض,13523.0,,24.7845962846037,46.5864554908358,Local Restaurant,,,,,,,,,,,,,,,,RRMB3930,,,الأمير يزيد بن عبدالله بن عبدالرحمن,Prince Yazeed Ibn Abdullah Ibn Abdulrahman,,
الرياض,13523.0,,24.7783858913781,46.5903387711974,Auto Service Station,,,,,,,,,,,,,,,,RRMC4322,,,الإمام سعود بن فيصل,Al Imam Saud Ibn Faisal,,
الرياض,13523.0,,24.7781431863557,46.5903673247294,Gas Station,,,,,,,,,,,,,,,,RRMC4322,,,الإمام سعود بن فيصل,Al Imam Saud Ibn Faisal,,
الرياض,13523.0,,24.7781433542386,46.5925700801098,ATM Machine,,,,,,,,,,,,,,,,RRMA4546,,,الإمام سعود بن فيصل,Al Imam Saud Ibn Faisal,,
الرياض,13523.0,,24.7786686928475,46.5935966035277,Trading Center,,,,,,,,,,,,,,,,RRMA4644,,,الإمام سعود بن فيصل,Al Imam Saud Ibn Faisal,,
الرياض,13523.0,,24.778728893211,46.5935083255243,Other,,,,,,,,,,,,,,,,RRMA4644,,,الإمام سعود بن فيصل,Al Imam Saud Ibn Faisal,,
الرياض,13523.0,,24.7762389191305,46.5732921323414,Friday Mosque,,,,,,,,,,,,,,,,RRMA6165,,,طريق الملك خالد الفرعي,King Khaled Branch road,,
الرياض,13523.0,,24.7790826439001,46.5786182962813,Other,,,,,,,,,,,,,,,,RRMC6487,,,الحكيم القاضي,Al Hakeem Al Qadi,,
الرياض,13523.0,,24.7808431886523,46.5708752033742,Gas Station,,,,,,,,,,,,,,,,RRMC6679,,,طريق الملك خالد الفرعي,King Khaled Branch road,,
الرياض,13523.0,,24.7805695506366,46.5709227925944,Other,,,,,,,,,,,,,,,,RRMC6679,,,طريق الملك خالد الفرعي,King Khaled Branch road,,
الرياض,13523.0,,24.7813641834039,46.5775749061271,Mosque,,,,,,,,,,,,,,,,RRMB6733,,,الحكيم القاضي,Al Hakeem Al Qadi,,
الرياض,13523.0,,24.7822548949739,46.5883257471862,Mosque,,,,,,,,,,,,,,,,RRMB6848,,,رقم 59,No. 59,,
الرياض,13523.0,,24.7838095753086,46.5811638273336,Literacy School,,,,,,,,,,,,,,,,RRMB7028,,,الأمير فهد بن محمد بن عبدالعزيز,Prince Fahad Ibn Muhammad Ibn Abdulaziz,,
الرياض,13523.0,,24.7842521550556,46.5819918797635,Primary school,,,,,,,,,,,,,,,,RRMB7028,,,الأمير فهد بن محمد بن عبدالعزيز,Prince Fahad Ibn Muhammad Ibn Abdulaziz,,
الرياض,13523.0,,24.7865664783165,46.5842996991643,Mosque,,,,,,,,,,,,,,,,RRMA7323,,,رقم 89,No. 89,,
الرياض,13524.0,,24.819094149394,46.5976082037656,Trading Center,,,,,,,,,,,,,,,,RRMA2145,,,الملك سلمان ابن عبدالعزيز سعود,King Salman Ibn Abdulaziz Saud,,
الرياض,13524.0,,24.819208325339,46.5975673365945,Other,,,,,,,,,,,,,,,,RRMA2145,,,الملك سلمان ابن عبدالعزيز سعود,King Salman Ibn Abdulaziz Saud,,
الرياض,13524.0,,24.8173895459533,46.5989644417296,Friday Mosque,,,,,,,,,,,,,,,,RRMA2293,,,رقم 516,No. 516,,
الرياض,13524.0,,24.811585950846,46.6007461552723,Trading Center,,,,,,,,,,,,,,,,RRMC2483,,,الدهناء,Al Dahnaa,,
الرياض,13524.0,,24.8117147503429,46.6007711531739,Trading Center,,,,,,,,,,,,,,,,RRMC2483,,,الدهناء,Al Dahnaa,,
الرياض,13524.0,,24.8124856289997,46.6016878246777,Contracting & Real State,,,,,,,,,,,,,,,,RRMC2566,,,الدهناء,Al Dahnaa,,
الرياض,13524.0,,24.8124912682892,46.601545608113,Other,,,,,,,,,,,,,,,,RRMC2566,,,الدهناء,Al Dahnaa,,
الرياض,13524.0,,24.812599983606,46.6015927079985,Other,,,,,,,,,,,,,,,,RRMC2566,,,الدهناء,Al Dahnaa,,
الرياض,13524.0,,24.8211371521908,46.6024983819461,Friday Mosque,,,,,,,,,,,,,,,,RRMB2649,,,الملك سلمان ابن عبدالعزيز سعود,King Salman Ibn Abdulaziz Saud,,
الرياض,13524.0,,24.8104354667188,46.6024749313166,Trading Center,,,,,,,,,,,,,,,,RRMC2663,,,وادي هجر,Wadi Hajer,,
الرياض,13524.0,,24.810487816727,46.6026368514594,Trading Center,,,,,,,,,,,,,,,,RRMC2663,,,وادي هجر,Wadi Hajer,,
الرياض,13524.0,,24.8105698163434,46.6023646351712,Trading Center,,,,,,,,,,,,,,,,RRMC2663,,,وادي هجر,Wadi Hajer,,
الرياض,13524.0,,24.810595629228,46.6025616705455,Trading Center,,,,,,,,,,,,,,,,RRMC2663,,,وادي هجر,Wadi Hajer,,
الرياض,13524.0,,24.8105176837861,46.6024055578299,Other,,,,,,,,,,,,,,,,RRMC2663,,,وادي هجر,Wadi Hajer,,
الرياض,13524.0,,24.817988770073,46.6027042183862,Trading Center,,,,,,,,,,,,,,,,RRMB2666,,,أبحر,Ubhur,,
الرياض,13524.0,,24.8180201789583,46.6027746504321,Other,,,,,,,,,,,,,,,,RRMB2666,,,أبحر,Ubhur,,
الرياض,13524.0,,24.8179487130145,46.6026102634138,Local Restaurant,,,,,,,,,,,,,,,,RRMB2666,,,أبحر,Ubhur,,
الرياض,13524.0,,24.8107473875868,46.6028287083915,Contracting & Real State,,,,,,,,,,,,,,,,RRMB2687,,,وادي هجر,Wadi Hajer,,
الرياض,13524.0,,24.8107018351173,46.602883721163,Contracting & Real State,,,,,,,,,,,,,,,,RRMB2687,,,وادي هجر,Wadi Hajer,,
الرياض,13524.0,,24.8108393934123,46.6030252122126,Trading Center,,,,,,,,,,,,,,,,RRMB2733,,,وادي هجر,Wadi Hajer,,
الرياض,13524.0,,24.8108332808544,46.6033243943544,Trading Center,,,,,,,,,,,,,,,,RRMB2733,,,وادي هجر,Wadi Hajer,,
الرياض,13524.0,,24.810936921992,46.603263674482,Trading Center,,,,,,,,,,,,,,,,RRMB2733,,,وادي هجر,Wadi Hajer,,
الرياض,13524.0,,24.8132105,46.6034390000001,Trading Center,,,,,,,,,,,,,,,,RRMB2754,,,الدهناء,Al Dahnaa,,
الرياض,13524.0,,24.8133616798504,46.6033913211963,Trading Center,,,,,,,,,,,,,,,,RRMB2754,,,الدهناء,Al Dahnaa,,
الرياض,13524.0,,24.8133224378462,46.6036358894031,Other,,,,,,,,,,,,,,,,RRMB2754,,,الدهناء,Al Dahnaa,,
الرياض,13524.0,,24.8134525862574,46.6035840741983,Other,,,,,,,,,,,,,,,,RRMB2754,,,الدهناء,Al Dahnaa,,
الرياض,13524.0,,24.8217086273407,46.6034867386641,Contracting & Real State,,,,,,,,,,,,,,,,RRMB2776,,,رقم 532,No. 532,,
الرياض,13524.0,,24.8215449289018,46.6037263568403,Trading Center,,,,,,,,,,,,,,,,RRMB2776,,,رقم 532,No. 532,,
الرياض,13524.0,,24.8217496051711,46.6037151107896,Local Restaurant,,,,,,,,,,,,,,,,RRMB2776,,,رقم 532,No. 532,,
الرياض,13524.0,,24.8215422522524,46.6042027830839,Other,,,,,,,,,,,,,,,,RRMB2808,,,رقم 532,No. 532,,
الرياض,13524.0,,24.8135722812519,46.6041627020698,Trading Center,,,,,,,,,,,,,,,,RRMB2828,,,الدهناء,Al Dahnaa,,
الرياض,13524.0,,24.8031847473308,46.6048960363788,ATM Machine,,,,,,,,,,,,,,,,RRMB2902,,,انس بن مالك,Anas Ibn Malik,,
الرياض,13524.0,,24.8035300289808,46.6048959414869,American Restaurant,,,,,,,,,,,,,,,,RRMB2902,,,انس بن مالك,Anas Ibn Malik,,
الرياض,13524.0,,24.8031766645933,46.6046982815526,Fast Food,,,,,,,,,,,,,,,,RRMB2902,,,انس بن مالك,Anas Ibn Malik,,
الرياض,13524.0,,24.8034736341036,46.6049255680306,Fast Food,,,,,,,,,,,,,,,,RRMB2902,,,انس بن مالك,Anas Ibn Malik,,
الرياض,13524.0,,24.8033852393919,46.604970491888,Fast Food,,,,,,,,,,,,,,,,RRMB2902,,,انس بن مالك,Anas Ibn Malik,,
الرياض,13524.0,,24.8035024837694,46.6047876470294,Other,,,,,,,,,,,,,,,,RRMB2902,,,انس بن مالك,Anas Ibn Malik,,
الرياض,13524.0,,24.820519032897,46.6051406302028,Friday Mosque,,,,,,,,,,,,,,,,RRMB2913,,,ممر141,141 Ln,,
الرياض,13524.0,,24.8221802292943,46.6051131449122,Company & Institution,,,,,,,,,,,,,,,,RRMB2917,,,الملك سلمان ابن عبدالعزيز سعود,King Salman Ibn Abdulaziz Saud,,
الرياض,13524.0,,24.8223540561386,46.6052344527731,Fast Food,,,,,,,,,,,,,,,,RRMB2917,,,الملك سلمان ابن عبدالعزيز سعود,King Salman Ibn Abdulaziz Saud,,
الرياض,13524.0,,24.8139558914578,46.6051249990605,Other,,,,,,,,,,,,,,,,RRMA2920,,,الدهناء,Al Dahnaa,,
الرياض,13524.0,,24.8140898684286,46.6050439378235,Other,,,,,,,,,,,,,,,,RRMA2920,,,الدهناء,Al Dahnaa,,
الرياض,13524.0,,24.8117368392639,46.6051841150957,Contracting & Real State,,,,,,,,,,,,,,,,RRMB2949,,,وادي هجر,Wadi Hajer,,
الرياض,13524.0,,24.8115982104409,46.6052512491164,Trading Center,,,,,,,,,,,,,,,,RRMB2949,,,وادي هجر,Wadi Hajer,,
الرياض,13524.0,,24.8118115323584,46.6053944822821,Trading Center,,,,,,,,,,,,,,,,RRMB2949,,,وادي هجر,Wadi Hajer,,
الرياض,13524.0,,24.8115463756899,46.6052860727886,Other,,,,,,,,,,,,,,,,RRMB2949,,,وادي هجر,Wadi Hajer,,
الرياض,13524.0,,24.8116252855682,46.6054885408614,Other,,,,,,,,,,,,,,,,RRMB2949,,,وادي هجر,Wadi Hajer,,
الرياض,13524.0,,24.8117425231569,46.6057651656174,Contracting & Real State,,,,,,,,,,,,,,,,RRMB2975,,,وادي هجر,Wadi Hajer,,
الرياض,13524.0,,24.811913766768,46.6056514402949,Trading Center,,,,,,,,,,,,,,,,RRMB2975,,,وادي هجر,Wadi Hajer,,
الرياض,13524.0,,24.8118491813366,46.6056919301227,Other,,,,,,,,,,,,,,,,RRMB2975,,,وادي هجر,Wadi Hajer,,
الرياض,13524.0,,24.8036567248884,46.6056812451056,Company & Institution,,,,,,,,,,,,,,,,RRMB2992,,,انس بن مالك,Anas Ibn Malik,,
الرياض,13524.0,,24.8037375205792,46.6059731967118,Company & Institution,,,,,,,,,,,,,,,,RRMA3026,,,انس بن مالك,Anas Ibn Malik,,
الرياض,13524.0,,24.8039864596117,46.6062000060518,Company & Institution,,,,,,,,,,,,,,,,RRMA3026,,,انس بن مالك,Anas Ibn Malik,,
الرياض,13524.0,,24.8039209395649,46.606232374923,Company & Institution,,,,,,,,,,,,,,,,RRMA3026,,,انس بن مالك,Anas Ibn Malik,,
الرياض,13524.0,,24.819033588929,46.6062600406929,Mosque,,,,,,,,,,,,,,,,RRMC3031,,,أبحر,Ubhur,,
الرياض,13524.0,,24.8127147254443,46.6080123498187,Contracting & Real State,,,,,,,,,,,,,,,,RRMB3213,,,وادي هجر,Wadi Hajer,,
الرياض,13524.0,,24.8127291503009,46.6078500439539,Trading Center,,,,,,,,,,,,,,,,RRMB3213,,,وادي هجر,Wadi Hajer,,
الرياض,13524.0,,24.8128362082174,46.6081093950149,Trading Center,,,,,,,,,,,,,,,,RRMB3213,,,وادي هجر,Wadi Hajer,,
الرياض,13524.0,,24.8128295427151,46.607794660451,Other,,,,,,,,,,,,,,,,RRMB3213,,,وادي هجر,Wadi Hajer,,
الرياض,13524.0,,24.8046950100074,46.6082707741399,Trading Center,,,,,,,,,,,,,,,,RRMG3230,,,انس بن مالك,Anas Ibn Malik,,
الرياض,13524.0,,24.8044907218691,46.6080334494944,Medical Clinic,,,,,,,,,,,,,,,,RRMG3230,,,انس بن مالك,Anas Ibn Malik,,
الرياض,13524.0,,24.8046395671305,46.6084401161752,Asian Restaurant,,,,,,,,,,,,,,,,RRMG3230,,,انس بن مالك,Anas Ibn Malik,,
الرياض,13524.0,,24.8046992791694,46.6080802437347,Fast Food,,,,,,,,,,,,,,,,RRMG3230,,,انس بن مالك,Anas Ibn Malik,,
الرياض,13524.0,,24.8045637292664,46.6082608287179,Fast Food,,,,,,,,,,,,,,,,RRMG3230,,,انس بن مالك,Anas Ibn Malik,,
الرياض,13524.0,,24.8047398912285,46.6086682422528,Fast Food,,,,,,,,,,,,,,,,RRMG3230,,,انس بن مالك,Anas Ibn Malik,,
الرياض,13524.0,,24.8047698762779,46.6084626430824,Other,,,,,,,,,,,,,,,,RRMG3230,,,انس بن مالك,Anas Ibn Malik,,
الرياض,13524.0,,24.811922756104,46.6082760033383,Mosque,,,,,,,,,,,,,,,,RRMC3254,,,رقم 440,No. 440,,
الرياض,nan,,24.8048607457605,46.6086801569204,Fast Food,,,,,,,,,,,,,,,,nan,,,nan,nan,,
الرياض,13524.0,,24.8050251000002,46.6090726000002,Phamacy with Home Delevery,,,,,,,,,,,,,,,,RRMF3310,,,انس بن مالك,Anas Ibn Malik,,
الرياض,13524.0,,24.8073743291445,46.6090847424763,Mosque,,,,,,,,,,,,,,,,RRMC3325,,,رقم 424,No. 424,,
الرياض,13524.0,,24.8051118604389,46.6094835115187,Trading Center,,,,,,,,,,,,,,,,RRMC3352,,,انس بن مالك,Anas Ibn Malik,,
الرياض,13524.0,,24.8241161649791,46.6096247407277,Trading Center,,,,,,,,,,,,,,,,RRMB3369,,,الملك سلمان ابن عبدالعزيز سعود الفرعى,King Salman Ibn Abdulaziz Saud Branch,,
الرياض,13524.0,,24.8055122681118,46.6099093553741,Gas Station,,,,,,,,,,,,,,,,RRMA3398,,,انس بن مالك,Anas Ibn Malik,,
الرياض,13524.0,,24.8054456432037,46.6096618914295,Trading Center,,,,,,,,,,,,,,,,RRMA3398,,,انس بن مالك,Anas Ibn Malik,,
الرياض,13524.0,,24.8053599826075,46.6096809271175,ATM Machine,,,,,,,,,,,,,,,,RRMA3398,,,انس بن مالك,Anas Ibn Malik,,
الرياض,13524.0,,24.8054075718274,46.6099141142962,Other,,,,,,,,,,,,,,,,RRMA3398,,,انس بن مالك,Anas Ibn Malik,,
الرياض,13524.0,,24.8057450983712,46.6106324339164,Trading Center,,,,,,,,,,,,,,,,RRMC3482,,,انس بن مالك,Anas Ibn Malik,,
الرياض,13524.0,,24.8057525175742,46.6108326786384,Trading Center,,,,,,,,,,,,,,,,RRMC3482,,,انس بن مالك,Anas Ibn Malik,,
الرياض,13524.0,,24.805864546721,46.6108440749846,Other,,,,,,,,,,,,,,,,RRMC3482,,,انس بن مالك,Anas Ibn Malik,,
الرياض,13524.0,,24.8059387638558,46.6108118771126,Gymnasium,,,,,,,,,,,,,,,,RRMC3482,,,انس بن مالك,Anas Ibn Malik,,
الرياض,13524.0,,24.8101860608826,46.6107154545217,Friday Mosque,,,,,,,,,,,,,,,,RRMB3488,,,رقم 408,No. 408,,
الرياض,13524.0,,24.8191650607433,46.6109105322662,Primary school,,,,,,,,,,,,,,,,RRMB3491,,,رقم 556,No. 556,,
الرياض,13524.0,,24.8171890723976,46.6114070993923,Mosque,,,,,,,,,,,,,,,,RRMB3559,,,ممر47,47 Ln,,
الرياض,13524.0,,24.8060563324254,46.6117276233065,Gymnasium,,,,,,,,,,,,,,,,RRMA3576,,,انس بن مالك,Anas Ibn Malik,,
الرياض,13524.0,,24.8202009148233,46.6131923693272,Mosque,,,,,,,,,,,,,,,,RRMC3721,,,رقم 556,No. 556,,
الرياض,13524.0,,24.8066477142984,46.6132067625369,Institute,,,,,,,,,,,,,,,,RRMB3722,,,انس بن مالك,Anas Ibn Malik,,
الرياض,13524.0,,24.8140081890961,46.6135066415969,Mosque,,,,,,,,,,,,,,,,RRMF3774,,,رقم 468,No. 468,,
الرياض,13524.0,,24.8101132890334,46.6147211184944,Friday Mosque,,,,,,,,,,,,,,,,RRMB3902,,,رقم 450,No. 450,,
الرياض,13524.0,,24.8075368000001,46.6147693000001,Pharmacy,,,,,,,,,,,,,,,,RRMD3918,,,انس بن مالك,Anas Ibn Malik,,
الرياض,13524.0,,24.8189721135708,46.6156042147974,Mosque,,,,,,,,,,,,,,,,RRMD3983,,,رقم 550,No. 550,,
الرياض,13524.0,,24.8160678182441,46.6154979318981,Trading Center,,,,,,,,,,,,,,,,RRMA3989,,,وادي هجر,Wadi Hajer,,
الرياض,13524.0,,24.8159112129575,46.6156170356729,Other,,,,,,,,,,,,,,,,RRMA3989,,,وادي هجر,Wadi Hajer,,
الرياض,13524.0,,24.8160133082937,46.6156680695883,Other,,,,,,,,,,,,,,,,RRMA3989,,,وادي هجر,Wadi Hajer,,
الرياض,13524.0,,24.8161742614193,46.615762142906,Pharmacy,,,,,,,,,,,,,,,,RRMA3989,,,وادي هجر,Wadi Hajer,,
الرياض,13524.0,,24.8075774647234,46.6153690924133,Trading Center,,,,,,,,,,,,,,,,RRMB3990,,,انس بن مالك,Anas Ibn Malik,,
الرياض,13524.0,,24.8078289355372,46.6154844399371,Trading Center,,,,,,,,,,,,,,,,RRMB3990,,,انس بن مالك,Anas Ibn Malik,,
الرياض,13524.0,,24.8081334510231,46.6156620967327,Trading Center,,,,,,,,,,,,,,,,RRMB3990,,,انس بن مالك,Anas Ibn Malik,,
الرياض,13524.0,,24.8076946843783,46.6154426162236,Other,,,,,,,,,,,,,,,,RRMB3990,,,انس بن مالك,Anas Ibn Malik,,
الرياض,13524.0,,24.807966594471,46.6160331436424,Other,,,,,,,,,,,,,,,,RRMB3990,,,انس بن مالك,Anas Ibn Malik,,
الرياض,13524.0,,24.8078277903037,46.6159605956536,Clinic & Polyclinic,,,,,,,,,,,,,,,,RRMB3990,,,انس بن مالك,Anas Ibn Malik,,
الرياض,13524.0,,24.8076883337126,46.6156416784331,Pharmacy,,,,,,,,,,,,,,,,RRMB3990,,,انس بن مالك,Anas Ibn Malik,,
الرياض,13524.0,,24.8077939,46.615536,Phamacy with Home Delevery,,,,,,,,,,,,,,,,RRMB3990,,,انس بن مالك,Anas Ibn Malik,,
الرياض,13524.0,,24.8078374761906,46.6157510792402,Fast Food,,,,,,,,,,,,,,,,RRMB3990,,,انس بن مالك,Anas Ibn Malik,,
الرياض,13524.0,,24.8081976965325,46.6159583398127,Middle Eastern Restaurant,,,,,,,,,,,,,,,,RRMB3990,,,انس بن مالك,Anas Ibn Malik,,
الرياض,13524.0,,24.8080085293758,46.6159297863089,Other,,,,,,,,,,,,,,,,RRMB3990,,,انس بن مالك,Anas Ibn Malik,,
الرياض,13524.0,,24.8171472945015,46.6163253276465,Trading Center,,,,,,,,,,,,,,,,RRMC4056,,,وادي هجر,Wadi Hajer,,
الرياض,13524.0,,24.8170402187562,46.6165323407539,Furnished Apartment,,,,,,,,,,,,,,,,RRMC4056,,,وادي هجر,Wadi Hajer,,
الرياض,13524.0,,24.8080440302223,46.6164942222012,Trading Center,,,,,,,,,,,,,,,,RRMB4064,,,انس بن مالك,Anas Ibn Malik,,
الرياض,13524.0,,24.808135639471,46.6167244350536,Trading Center,,,,,,,,,,,,,,,,RRMB4064,,,انس بن مالك,Anas Ibn Malik,,
الرياض,13524.0,,24.8084291303862,46.6167263525262,Trading Center,,,,,,,,,,,,,,,,RRMB4064,,,انس بن مالك,Anas Ibn Malik,,
الرياض,13524.0,,24.8083601887571,46.6167825712065,Trading Center,,,,,,,,,,,,,,,,RRMB4064,,,انس بن مالك,Anas Ibn Malik,,
الرياض,13524.0,,24.8082839346987,46.6168430843551,Trading Center,,,,,,,,,,,,,,,,RRMB4064,,,انس بن مالك,Anas Ibn Malik,,
الرياض,13524.0,,24.8082935000002,46.6164142,Shops with Home Delevery,,,,,,,,,,,,,,,,RRMB4064,,,انس بن مالك,Anas Ibn Malik,,
الرياض,13524.0,,24.8081649464992,46.6168000622558,Pharmacy,,,,,,,,,,,,,,,,RRMB4064,,,انس بن مالك,Anas Ibn Malik,,
الرياض,13524.0,,24.8170840774538,46.6168334936751,Furnished Apartment,,,,,,,,,,,,,,,,RRMD4092,,,وادي هجر,Wadi Hajer,,
الرياض,13524.0,,24.8082422390479,46.6169403565417,Trading Center,,,,,,,,,,,,,,,,RRMB4162,,,انس بن مالك,Anas Ibn Malik,,
الرياض,13524.0,,24.8084971192556,46.6174834434567,Trading Center,,,,,,,,,,,,,,,,RRMB4162,,,انس بن مالك,Anas Ibn Malik,,
الرياض,13524.0,,24.808462713307,46.617089436958,ATM Machine,,,,,,,,,,,,,,,,RRMB4162,,,انس بن مالك,Anas Ibn Malik,,
الرياض,13524.0,,24.8086789737919,46.6169761959318,American Restaurant,,,,,,,,,,,,,,,,RRMB4162,,,انس بن مالك,Anas Ibn Malik,,
الرياض,13524.0,,24.8086254359193,46.6173366842741,Asian Restaurant,,,,,,,,,,,,,,,,RRMB4162,,,انس بن مالك,Anas Ibn Malik,,
الرياض,13524.0,,24.8083393571511,46.6170189529753,Fast Food,,,,,,,,,,,,,,,,RRMB4162,,,انس بن مالك,Anas Ibn Malik,,
الرياض,13524.0,,24.8083334123383,46.6171769688791,Fast Food,,,,,,,,,,,,,,,,RRMB4162,,,انس بن مالك,Anas Ibn Malik,,
الرياض,13524.0,,24.8089410604103,46.6185624966768,Trading Center,,,,,,,,,,,,,,,,RRMA4288,,,رقم 467,No. 467,,
الرياض,13524.0,,24.8091215901138,46.6185981934415,Trading Center,,,,,,,,,,,,,,,,RRMA4288,,,رقم 467,No. 467,,
الرياض,13524.0,,24.8111741320652,46.6188889030767,Mosque,,,,,,,,,,,,,,,,RRMC4310,,,رقم 458,No. 458,,
الرياض,13524.0,,24.8094417834708,46.6189488832978,Supermarket,,,,,,,,,,,,,,,,RRMA4341,,,رقم 456,No. 456,,
الرياض,13524.0,,24.8091637845824,46.6191131910521,Trading Center,,,,,,,,,,,,,,,,RRMA4341,,,رقم 456,No. 456,,
الرياض,13524.0,,24.8096268786592,46.6192713006681,Trading Center,,,,,,,,,,,,,,,,RRMA4341,,,رقم 456,No. 456,,
الرياض,13524.0,,24.809294051576,46.6190122318834,Company & Institution,,,,,,,,,,,,,,,,RRMA4341,,,رقم 456,No. 456,,
الرياض,13524.0,,24.8093253013038,46.6191853632368,Company & Institution,,,,,,,,,,,,,,,,RRMA4341,,,رقم 456,No. 456,,
الرياض,13524.0,,24.8092959447653,46.6193690359115,Company & Institution,,,,,,,,,,,,,,,,RRMA4341,,,رقم 456,No. 456,,
الرياض,13524.0,,24.8097123451105,46.6191308934493,Company & Institution,,,,,,,,,,,,,,,,RRMA4341,,,رقم 456,No. 456,,
الرياض,13524.0,,24.8094690000001,46.6191640000001,Local Post Office,,,,,,,,,,,,,,,,RRMA4341,,,رقم 456,No. 456,,
الرياض,13524.0,,24.8095109909692,46.6191047160481,Institute,,,,,,,,,,,,,,,,RRMA4341,,,رقم 456,No. 456,,
الرياض,13524.0,,24.80955310352,46.6198891929811,Trading Center,,,,,,,,,,,,,,,,RRMC4390,,,انس بن مالك,Anas Ibn Malik,,
الرياض,13524.0,,24.8095763281629,46.6195684997789,Gymnasium,,,,,,,,,,,,,,,,RRMC4390,,,انس بن مالك,Anas Ibn Malik,,
الرياض,13524.0,,24.8096419,46.6198397000002,Pharmacy,,,,,,,,,,,,,,,,RRMC4390,,,انس بن مالك,Anas Ibn Malik,,
الرياض,13524.0,,24.8094260574204,46.6196495479927,Other,,,,,,,,,,,,,,,,RRMC4390,,,انس بن مالك,Anas Ibn Malik,,
الرياض,13524.0,,24.8096640025379,46.6203276894385,Contracting & Real State,,,,,,,,,,,,,,,,RRMA4450,,,انس بن مالك,Anas Ibn Malik,,
الرياض,13524.0,,24.8099935710169,46.6208949631183,Company & Institution,,,,,,,,,,,,,,,,RRMB4496,,,انس بن مالك,Anas Ibn Malik,,
الرياض,13524.0,,24.8101270930671,46.6209172641616,Company & Institution,,,,,,,,,,,,,,,,RRMB4496,,,انس بن مالك,Anas Ibn Malik,,
الرياض,nan,,24.8099519844499,46.6210371828162,Other,,,,,,,,,,,,,,,,nan,,,nan,nan,,
الرياض,13524.0,,24.8101118376206,46.6212993910447,Other,,,,,,,,,,,,,,,,RRMA4554,,,انس بن مالك,Anas Bin Malik,,
الرياض,13524.0,,24.805773903672,46.6052808885233,Mosque,,,,,,,,,,,,,,,,RRMA6356,,,nan,nan,,
الرياض,13524.0,,24.8064639503807,46.6029206388078,Company & Institution,,,,,,,,,,,,,,,,RRMB6399,,,طريق الامير محمد بن سعد بن عبد العزيز,Prince Muhammad Ibn Saad Ibn Abdulaziz Rd,,
الرياض,13524.0,,24.8070618657471,46.6027561062388,Trading Center,,,,,,,,,,,,,,,,RRMC6491,,,طريق الامير محمد بن سعد بن عبد العزيز,Prince Muhammad Ibn Saad Ibn Abdulaziz Rd,,
الرياض,nan,,24.8072913268518,46.6024838130903,Trading Center,,,,,,,,,,,,,,,,nan,,,nan,nan,,
الرياض,nan,,24.8073159594427,46.602664092982,Other,,,,,,,,,,,,,,,,nan,,,nan,nan,,
الرياض,nan,,24.8074117713556,46.6027003282535,Company & Institution,,,,,,,,,,,,,,,,nan,,,nan,nan,,
الرياض,13524.0,,24.8076011825087,46.6025079836913,Publisher,,,,,,,,,,,,,,,,RRMD6565,,,رقم 410,No. 410,,
الرياض,13524.0,,24.8075155557536,46.6023542985401,Fast Food,,,,,,,,,,,,,,,,RRMD6565,,,رقم 410,No. 410,,
الرياض,13524.0,,24.8076156719672,46.6132351240474,Contracting & Real State,,,,,,,,,,,,,,,,RRMB6583,,,رقم 363,No. 363,,
الرياض,13524.0,,24.8076994008796,46.6130641676934,Contracting & Real State,,,,,,,,,,,,,,,,RRMB6583,,,رقم 363,No. 363,,
الرياض,13524.0,,24.8075511810469,46.6130770787997,Trading Center,,,,,,,,,,,,,,,,RRMB6583,,,رقم 363,No. 363,,
الرياض,13524.0,,24.8082811606903,46.6021893225465,Trading Center,,,,,,,,,,,,,,,,RRMA6641,,,طريق الامير محمد بن سعد بن عبد العزيز,Prince Muhammad Ibn Saad Ibn Abdulaziz Rd,,
الرياض,13524.0,,24.8082833809065,46.6019487636841,Pharmacy,,,,,,,,,,,,,,,,RRMA6641,,,طريق الامير محمد بن سعد بن عبد العزيز,Prince Muhammad Ibn Saad Ibn Abdulaziz Rd,,
الرياض,13524.0,,24.808415931849,46.6018820238814,Supermarket,,,,,,,,,,,,,,,,RRMB6663,,,طريق الامير محمد بن سعد بن عبد العزيز,Prince Muhammad Ibn Saad Ibn Abdulaziz Rd,,
الرياض,13524.0,,24.8089546380001,46.617806494,Trading Center,,,,,,,,,,,,,,,,RRMA6729,,,رقم 461,No. 461,,
الرياض,13524.0,,24.8092565835532,46.6014596796842,Contracting & Real State,,,,,,,,,,,,,,,,RRMA6747,,,رقم 416,No. 416,,
الرياض,13524.0,,24.8093497988546,46.6013924866813,Contracting & Real State,,,,,,,,,,,,,,,,RRMA6747,,,رقم 416,No. 416,,
الرياض,13524.0,,24.8094895574358,46.6016121984673,Company & Institution,,,,,,,,,,,,,,,,RRMA6747,,,رقم 416,No. 416,,
الرياض,13524.0,,24.810047661516,46.6035829527387,Mosque,,,,,,,,,,,,,,,,RRMA6833,,,رقم 353,No. 353,,
الرياض,13524.0,,24.8101732952565,46.6122089531693,Trading Center,,,,,,,,,,,,,,,,RRMC6850,,,وادي وج,Wadi Waj,,
الرياض,13524.0,,24.8101344481168,46.6123034195123,Trading Center,,,,,,,,,,,,,,,,RRMC6850,,,وادي وج,Wadi Waj,,
الرياض,13524.0,,24.8102218399298,46.6123307907806,Other,,,,,,,,,,,,,,,,RRMC6850,,,وادي وج,Wadi Waj,,
الرياض,13524.0,,24.8102770475974,46.6124821359384,Other,,,,,,,,,,,,,,,,RRMC6850,,,وادي وج,Wadi Waj,,
الرياض,13524.0,,24.8107262356961,46.6008525374342,Trading Center,,,,,,,,,,,,,,,,RRMA6903,,,طريق الامير محمد بن سعد بن عبد العزيز,Prince Muhammad Ibn Saad Ibn Abdulaziz Rd,,
الرياض,13524.0,,24.8112912214934,46.6040804597349,Contracting & Real State,,,,,,,,,,,,,,,,RRMB6952,,,البحيرات,Al Buhairat,,
الرياض,13524.0,,24.8112043773123,46.6038701538561,Trading Center,,,,,,,,,,,,,,,,RRMB6952,,,البحيرات,Al Buhairat,,
الرياض,13524.0,,24.8111795789481,46.6039779914421,Trading Center,,,,,,,,,,,,,,,,RRMB6952,,,البحيرات,Al Buhairat,,
الرياض,13524.0,,24.8111472,46.6040106,Trading Center,,,,,,,,,,,,,,,,RRMB6952,,,البحيرات,Al Buhairat,,
الرياض,13524.0,,24.8111653994489,46.6041401780182,Trading Center,,,,,,,,,,,,,,,,RRMB6952,,,البحيرات,Al Buhairat,,
الرياض,13524.0,,24.8110848080599,46.6039303724063,Other,,,,,,,,,,,,,,,,RRMB6952,,,البحيرات,Al Buhairat,,
الرياض,13524.0,,24.8116662568787,46.6123401474544,Bank,,,,,,,,,,,,,,,,RRMA7021,,,وادي وج,Wadi Waj,,
الرياض,13524.0,,24.8119929925916,46.6001007068862,Clinic & Polyclinic,,,,,,,,,,,,,,,,RRMA7045,,,الدهناء,Al Dahnaa,,
الرياض,13524.0,,24.8119000000001,46.6003000000001,Phamacy with Home Delevery,,,,,,,,,,,,,,,,RRMA7045,,,الدهناء,Al Dahnaa,,
الرياض,13524.0,,24.8128541117814,46.5996661380598,Other,,,,,,,,,,,,,,,,RRMC7141,,,طريق الامير محمد بن سعد بن عبد العزيز,Prince Muhammad Ibn Saad Ibn Abdulaziz Rd,,
الرياض,13524.0,,24.8127397584967,46.5997167534481,Fast Food,,,,,,,,,,,,,,,,RRMC7141,,,طريق الامير محمد بن سعد بن عبد العزيز,Prince Muhammad Ibn Saad Ibn Abdulaziz Rd,,
الرياض,13524.0,,24.8136496000001,46.5992601,Trading Center,,,,,,,,,,,,,,,,RRMC7225,,,طريق الامير محمد بن سعد بن عبد العزيز,Prince Muhammad Ibn Saad Ibn Abdulaziz Rd,,
الرياض,13524.0,,24.8135618787531,46.6113313062826,Other,,,,,,,,,,,,,,,,RRMA7227,,,رقم 470,No. 470,,
الرياض,13524.0,,24.8135191321169,46.6115291675568,Pharmacy,,,,,,,,,,,,,,,,RRMA7227,,,رقم 470,No. 470,,
الرياض,13524.0,,24.8138902999999,46.5991369999999,Trading Center,,,,,,,,,,,,,,,,RRMA7255,,,رقم 488,No. 488,,
الرياض,13524.0,,24.8137847123007,46.5992007938617,Trading Center,,,,,,,,,,,,,,,,RRMA7255,,,رقم 488,No. 488,,
الرياض,13524.0,,24.8139936607033,46.5990861038413,ATM Machine,,,,,,,,,,,,,,,,RRMA7255,,,رقم 488,No. 488,,
الرياض,13524.0,,24.8141659336799,46.5989937807543,Fast Food,,,,,,,,,,,,,,,,RRMA7291,,,رقم 488,No. 488,,
الرياض,13524.0,,24.8142458835699,46.5989509504562,Fast Food,,,,,,,,,,,,,,,,RRMA7291,,,رقم 488,No. 488,,
الرياض,nan,,24.8155771204195,46.6054672399777,Friday Mosque,,,,,,,,,,,,,,,,nan,,,nan,nan,,
الرياض,13524.0,,24.8155098532561,46.598352278067,Trading Center,,,,,,,,,,,,,,,,RRMH7447,,,أبحر,Ubhur,,
الرياض,13524.0,,24.8159401309906,46.6095535359523,Mosque,,,,,,,,,,,,,,,,RRMA7490,,,الدهناء,Al Dahnaa,,
الرياض,13524.0,,24.8167859535189,46.609801143001,Trading Center,,,,,,,,,,,,,,,,RRMC7579,,,وادي وج,Wadi Waj,,
الرياض,13524.0,,24.8170619709955,46.6096107861207,Trading Center,,,,,,,,,,,,,,,,RRMA7621,,,وادي وج,Wadi Waj,,
الرياض,13524.0,,24.8174401354762,46.597358615151,Trading Center,,,,,,,,,,,,,,,,RRMA7657,,,رقم 518,No. 518,,
الرياض,13524.0,,24.8182292837189,46.6088743636935,Trading Center,,,,,,,,,,,,,,,,RRMA7749,,,وادي وج,Wadi Waj,,
الرياض,13524.0,,24.8183473049848,46.6088058352166,Trading Center,,,,,,,,,,,,,,,,RRMA7749,,,وادي وج,Wadi Waj,,
الرياض,13524.0,,24.8181683695172,46.6089029172254,Trading Center,,,,,,,,,,,,,,,,RRMA7749,,,وادي وج,Wadi Waj,,
الرياض,13524.0,,24.8180408304072,46.6089942885282,Fast Food,,,,,,,,,,,,,,,,RRMA7749,,,وادي وج,Wadi Waj,,
الرياض,13524.0,,24.8184291584434,46.6087963173724,Local Restaurant,,,,,,,,,,,,,,,,RRMA7749,,,وادي وج,Wadi Waj,,
الرياض,13524.0,,24.8182815410002,46.6089232070001,Supermarket,,,,,,,,,,,,,,,,RRMA7751,,,وادي وج,Wadi Waj,,
الرياض,13524.0,,24.8214672359629,46.6162256194713,ATM Machine,,,,,,,,,,,,,,,,RRMA8090,,,طريق الملك فهد الفرعي,King Fahad Branch Rd,,
الرياض,13525.0,,24.8154219317239,46.5888290526187,Gas Station,,,,,,,,,,,,,,,,RRMA4429,,,الملك سلمان ابن عبدالعزيز سعود الفرعى,King Salman Ibn Abdulaziz Saud Branch,,
الرياض,13525.0,,24.8153599000001,46.5889058000001,Trading Center,,,,,,,,,,,,,,,,RRMA4429,,,الملك سلمان ابن عبدالعزيز سعود الفرعى,King Salman Ibn Abdulaziz Saud Branch,,
الرياض,13525.0,,24.8119660883616,46.5911324404157,Mosque,,,,,,,,,,,,,,,,RRMA4666,,,الأفاضلة,Al Afadilah,,
الرياض,13525.0,,24.8075593265787,46.5912181010119,Playground,,,,,,,,,,,,,,,,RRMA4679,,,الدهناء,Al Dahnaa,,
الرياض,nan,,24.8032858146122,46.5941486451867,Mosque,,,,,,,,,,,,,,,,nan,,,nan,nan,,
الرياض,13525.0,,24.81459676,46.5943171080001,Trading Center,,,,,,,,,,,,,,,,RRMB4984,,,أبحر,Ubhur,,
الرياض,13525.0,,24.8050275800685,46.5948634352728,Other,,,,,,,,,,,,,,,,RRMA5050,,,الأقطار,Al Aqtar,,
الرياض,13525.0,,24.8182106600232,46.595333309279,Contracting & Real State,,,,,,,,,,,,,,,,RRMB5073,,,رقم 339,No. 339,,
الرياض,13525.0,,24.7992780406179,46.5954741965492,Auto Service Station,,,,,,,,,,,,,,,,RRMA5106,,,انس بن مالك,Anas Ibn Malik,,
الرياض,13525.0,,24.7993970136682,46.5958120800122,Trading Center,,,,,,,,,,,,,,,,RRMA5144,,,انس بن مالك,Anas Ibn Malik,,
الرياض,13525.0,,24.7995302634845,46.5960357493467,Trading Center,,,,,,,,,,,,,,,,RRMB5172,,,انس بن مالك,Anas Ibn Malik,,
الرياض,13525.0,,24.815390132749,46.5963129731745,Contracting & Real State,,,,,,,,,,,,,,,,RRMA5182,,,أبحر,Ubhur,,
الرياض,13525.0,,24.8005534317173,46.5965164004701,Mosque,,,,,,,,,,,,,,,,RRMA5200,,,رقم 296,No. 296,,
الرياض,13525.0,,24.8172900415727,46.5966638203525,Gas Station,,,,,,,,,,,,,,,,RRMA5207,,,رقم 392,No. 392,,
الرياض,13525.0,,24.8001441644243,46.5976204703768,Contracting & Real State,,,,,,,,,,,,,,,,RRMA5328,,,انس بن مالك,Anas Ibn Malik,,
الرياض,13525.0,,24.8003297623827,46.5980868447342,Auto Spare Parts,,,,,,,,,,,,,,,,RRMA5384,,,انس بن مالك,Anas Ibn Malik,,
الرياض,13525.0,,24.8119142247726,46.5981678713187,Mosque,,,,,,,,,,,,,,,,RRMA5408,,,رقم 368,No. 368,,
الرياض,13525.0,,24.8005224987241,46.598405692509,Company & Institution,,,,,,,,,,,,,,,,RRMA5412,,,انس بن مالك,Anas Ibn Malik,,
الرياض,13525.0,,24.8071391982297,46.6008465887817,Mosque,,,,,,,,,,,,,,,,RRMA5645,,,رقم 340,No. 340,,
الرياض,13525.0,,24.8020586787498,46.6021291127492,Middle Eastern Restaurant,,,,,,,,,,,,,,,,RRMA5784,,,ممر92,92 Ln,,
الرياض,13525.0,,24.8025583655612,46.603211767507,Fast Food,,,,,,,,,,,,,,,,RRMA5894,,,انس بن مالك,Anas Ibn Malik,,
الرياض,13525.0,,24.8028617468395,46.6039969896389,Pharmacy,,,,,,,,,,,,,,,,RRMA5966,,,انس بن مالك,Anas Ibn Malik,,
الرياض,13525.0,,24.7972149333898,46.5866676496065,Rest Place,,,,,,,,,,,,,,,,RRMB7175,,,شارع رقم 195,No. 195 St,,
الرياض,13525.0,,24.8034090228708,46.6037233516235,Trading Center,,,,,,,,,,,,,,,,RRMB7870,,,طريق الامير محمد بن سعد بن عبد العزيز,Prince Muhammad Ibn Saad Ibn Abdulaziz Rd,,
الرياض,13525.0,,24.804013513,46.5923669820001,Trading Center,,,,,,,,,,,,,,,,RRMB7938,,,رقم 235,No. 235,,
الرياض,13525.0,,24.8040116000001,46.5955824000001,Trading Center,,,,,,,,,,,,,,,,RRMB7944,,,الأماسي,Al Amasi,,
الرياض,13525.0,,24.8062528490051,46.6022564194276,Company & Institution,,,,,,,,,,,,,,,,RRMA8184,,,طريق الامير محمد بن سعد بن عبد العزيز,Prince Muhammad Ibn Saad Ibn Abdulaziz Rd,,
الرياض,13525.0,,24.8071388000001,46.6017713000002,Trading Center,,,,,,,,,,,,,,,,RRMC8296,,,طريق الامير محمد بن سعد بن عبد العزيز,Prince Muhammad Ibn Saad Ibn Abdulaziz Rd,,
الرياض,13525.0,,24.8075734498634,46.6015544784309,Company & Institution,,,,,,,,,,,,,,,,RRMC8326,,,طريق الامير محمد بن سعد بن عبد العزيز,Prince Muhammad Ibn Saad Ibn Abdulaziz Rd,,
الرياض,13525.0,,24.8088586472899,46.6009324186608,Local Restaurant,,,,,,,,,,,,,,,,RRMA8474,,,طريق الامير محمد بن سعد بن عبد العزيز,Prince Muhammad Ibn Saad Ibn Abdulaziz Rd,,
الرياض,13525.0,,24.8091658938618,46.6007825590353,Supermarket,,,,,,,,,,,,,,,,RRMA8502,,,طريق الامير محمد بن سعد بن عبد العزيز,Prince Muhammad Ibn Saad Ibn Abdulaziz Rd,,
الرياض,13525.0,,24.8090671159841,46.6008340379988,Fast Food,,,,,,,,,,,,,,,,RRMA8502,,,طريق الامير محمد بن سعد بن عبد العزيز,Prince Muhammad Ibn Saad Ibn Abdulaziz Rd,,
الرياض,13525.0,,24.8093441181518,46.6006687889008,Company & Institution,,,,,,,,,,,,,,,,RRMB8528,,,طريق الامير محمد بن سعد بن عبد العزيز,Prince Muhammad Ibn Saad Ibn Abdulaziz Rd,,
الرياض,13525.0,,24.8112369,46.5997026,Pharmacy,,,,,,,,,,,,,,,,RRMA8726,,,طريق الامير محمد بن سعد بن عبد العزيز,Prince Muhammad Ibn Saad Ibn Abdulaziz Rd,,
الرياض,13525.0,,24.8115450709193,46.5993225507654,Local Restaurant,,,,,,,,,,,,,,,,RRMA8786,,,طريق الامير محمد بن سعد بن عبد العزيز,Prince Muhammad Ibn Saad Ibn Abdulaziz Rd,,
الرياض,13525.0,,24.8124989000001,46.5989217000001,Trading Center,,,,,,,,,,,,,,,,RRMA8886,,,طريق الامير محمد بن سعد بن عبد العزيز,Prince Muhammad Ibn Saad Ibn Abdulaziz Rd,,
الرياض,13525.0,,24.8128329541889,46.5988585558691,Local Restaurant,,,,,,,,,,,,,,,,RRMA8916,,,طريق الامير محمد بن سعد بن عبد العزيز,Prince Muhammad Ibn Saad Ibn Abdulaziz Rd,,
الرياض,13525.0,,24.8143265136794,46.5903329415178,Rest Place,,,,,,,,,,,,,,,,RRMA9074,,,الاعتدال,Al Iatidal,,
الرياض,13525.0,,24.8158004989828,46.5973110337461,Trading Center,,,,,,,,,,,,,,,,RRMA9246,,,طريق الامير محمد بن سعد بن عبد العزيز,Prince Muhammad Ibn Saad Ibn Abdulaziz Rd,,
الرياض,13525.0,,24.8179572474259,46.5963076985611,Local Restaurant,,,,,,,,,,,,,,,,RRMA9476,,,طريق الامير محمد بن سعد بن عبد العزيز,Prince Muhammad Ibn Saad Ibn Abdulaziz Rd,,
